JDAY,Fl Wt Ave Temp,,Flow Weighted Average - Water Temperature below Folsom Reservoir (JDAY1 = 1/1/2000)
7,10.43,,
8,10.50,,
14,10.18,,
21,9.75,,
22,9.73,,
23,9.73,,
24,9.68,,
25,9.64,,
26,9.62,,
27,9.68,,
28,9.65,,
29,9.65,,
30,9.47,,
31,9.53,,
32,9.53,,
33,9.44,,
34,9.44,,
35,9.39,,
36,9.28,,
37,9.44,,
38,9.40,,
39,9.39,,
40,9.43,,
41,9.43,,
42,9.44,,
43,9.38,,
44,9.46,,
45,9.90,,
46,10.23,,
47,10.06,,
48,9.72,,
49,9.32,,
50,9.05,,
51,8.96,,
52,8.99,,
53,9.01,,
54,9.05,,
55,9.09,,
56,9.10,,
57,9.11,,
58,9.17,,
59,9.22,,
60,9.27,,
61,9.46,,
62,9.33,,
63,9.33,,
64,9.29,,
65,9.20,,
66,9.12,,
67,9.12,,
68,9.14,,
69,9.18,,
70,9.23,,
71,9.22,,
72,9.15,,
73,9.17,,
74,9.21,,
75,9.10,,
76,9.11,,
77,9.17,,
78,9.19,,
79,9.21,,
80,9.39,,
81,9.51,,
82,9.38,,
83,9.36,,
84,9.39,,
85,9.45,,
86,9.45,,
87,9.48,,
88,9.50,,
89,10.10,,
90,11.28,,
91,11.69,,
92,11.62,,
93,11.41,,
94,11.53,,
95,11.08,,
96,11.39,,
97,11.36,,
98,11.69,,
99,11.12,,
100,11.38,,
101,11.87,,
102,11.82,,
103,11.72,,
104,11.58,,
105,13.32,,
106,13.30,,
107,12.72,,
108,13.14,,
109,13.31,,
110,13.25,,
111,13.55,,
112,13.25,,
113,11.97,,
114,13.00,,
115,13.64,,
116,13.22,,
117,12.64,,
118,11.63,,
119,12.32,,
120,12.48,,
121,12.97,,
122,13.03,,
123,12.25,,
124,12.07,,
125,12.35,,
126,12.57,,
127,11.91,,
128,12.36,,
129,12.51,,
130,12.62,,
131,12.63,,
132,13.23,,
133,13.16,,
134,13.02,,
135,13.03,,
136,13.45,,
137,12.85,,
138,13.01,,
139,13.02,,
140,13.07,,
141,13.09,,
142,13.12,,
143,13.31,,
144,13.29,,
145,13.34,,
146,13.45,,
147,13.31,,
148,13.54,,
149,13.57,,
150,13.61,,
151,13.77,,
152,13.69,,
153,13.69,,
154,13.64,,
155,13.83,,
156,13.90,,
157,14.11,,
158,14.12,,
159,13.90,,
160,14.23,,
161,14.18,,
162,14.46,,
163,14.49,,
164,14.48,,
165,14.57,,
166,14.55,,
167,14.64,,
168,14.69,,
169,14.66,,
170,14.71,,
171,15.06,,
172,15.02,,
173,15.04,,
174,15.21,,
175,15.39,,
176,15.47,,
177,15.60,,
178,15.66,,
179,15.77,,
180,15.79,,
181,15.96,,
182,15.95,,
183,16.05,,
184,16.16,,
185,16.25,,
186,16.44,,
187,16.33,,
188,16.63,,
189,16.62,,
190,16.81,,
191,16.88,,
192,15.70,,
193,14.93,,
194,13.39,,
195,13.31,,
196,13.40,,
197,13.59,,
198,13.67,,
199,13.79,,
200,13.87,,
201,14.00,,
202,14.10,,
203,14.19,,
204,14.32,,
205,14.46,,
206,14.65,,
207,14.78,,
208,14.91,,
209,15.09,,
210,15.09,,
211,15.21,,
212,15.31,,
213,15.35,,
214,15.45,,
215,15.45,,
216,15.54,,
217,15.64,,
218,15.72,,
219,15.76,,
220,15.78,,
221,15.96,,
222,16.05,,
223,14.01,,
224,13.93,,
225,13.93,,
226,13.92,,
227,14.10,,
228,14.19,,
229,14.42,,
230,14.39,,
231,14.56,,
232,14.51,,
233,14.84,,
234,14.83,,
235,14.78,,
236,14.83,,
237,15.11,,
238,15.05,,
239,15.01,,
240,15.17,,
241,15.13,,
242,15.54,,
243,15.50,,
244,15.44,,
245,15.39,,
246,15.23,,
247,15.48,,
248,15.73,,
249,15.65,,
250,15.67,,
251,15.72,,
252,15.93,,
253,15.91,,
254,15.99,,
255,15.99,,
256,16.22,,
257,16.19,,
258,16.22,,
259,16.13,,
260,16.35,,
261,16.37,,
262,16.42,,
263,16.43,,
264,16.50,,
265,16.51,,
266,16.58,,
267,16.66,,
268,16.78,,
269,16.63,,
270,16.76,,
271,16.91,,
272,16.86,,
273,16.89,,
274,16.95,,
275,17.00,,
276,17.09,,
277,17.05,,
278,17.14,,
279,17.17,,
280,17.07,,
281,17.12,,
282,17.20,,
283,17.20,,
284,17.29,,
285,17.36,,
286,17.39,,
287,17.49,,
290,17.40,,
291,17.49,,
292,17.54,,
293,17.56,,
294,17.56,,
295,17.78,,
296,18.05,,
297,17.54,,
298,17.58,,
299,17.40,,
300,17.40,,
301,17.19,,
302,16.91,,
303,16.97,,
304,16.90,,
305,16.79,,
306,16.61,,
307,16.36,,
308,15.86,,
309,15.44,,
310,15.29,,
311,15.43,,
312,15.26,,
313,15.11,,
314,14.94,,
315,14.92,,
316,14.49,,
317,14.61,,
318,14.28,,
319,14.16,,
320,13.91,,
321,13.60,,
322,13.44,,
323,13.29,,
324,13.05,,
325,12.89,,
326,12.79,,
327,12.50,,
328,12.44,,
329,12.23,,
330,12.25,,
331,12.23,,
332,12.31,,
333,12.12,,
334,12.05,,
335,12.29,,
336,11.96,,
337,11.95,,
338,11.86,,
339,11.75,,
340,11.63,,
341,11.53,,
342,11.41,,
343,11.27,,
344,11.24,,
345,11.13,,
346,11.15,,
347,11.04,,
348,11.11,,
349,11.13,,
350,11.16,,
351,11.05,,
352,11.26,,
353,11.17,,
354,10.98,,
355,11.14,,
356,10.90,,
357,10.77,,
358,10.60,,
359,10.49,,
360,10.47,,
361,10.41,,
362,10.39,,
363,10.23,,
364,10.20,,
365,10.11,,
366,9.93,,
367,9.82,,
368,9.89,,
369,9.71,,
370,9.62,,
371,9.80,,
372,9.62,,
373,9.48,,
374,9.48,,
375,9.33,,
376,9.34,,
377,9.45,,
378,9.46,,
379,9.28,,
380,9.28,,
381,9.22,,
382,9.26,,
383,9.14,,
384,9.05,,
385,9.04,,
386,8.92,,
387,8.90,,
388,8.93,,
389,8.98,,
390,8.90,,
391,8.78,,
392,8.74,,
393,8.79,,
394,8.72,,
395,8.59,,
396,8.59,,
397,8.57,,
398,8.54,,
399,8.52,,
400,8.56,,
401,8.64,,
402,8.76,,
403,8.48,,
404,8.76,,
405,8.56,,
406,8.43,,
409,8.25,,
410,8.14,,
411,8.20,,
412,8.26,,
413,8.10,,
414,8.14,,
415,8.21,,
416,8.05,,
417,8.15,,
418,8.27,,
419,8.23,,
420,8.36,,
421,8.13,,
422,8.33,,
423,8.39,,
424,8.53,,
425,8.53,,
426,8.44,,
427,8.32,,
428,8.41,,
429,8.56,,
430,8.65,,
431,8.64,,
432,8.57,,
433,8.53,,
434,8.78,,
435,8.80,,
436,8.94,,
437,8.95,,
438,8.94,,
439,8.77,,
440,8.91,,
441,9.07,,
442,8.95,,
443,9.03,,
444,8.99,,
445,9.19,,
446,8.97,,
447,9.05,,
448,9.32,,
449,9.10,,
450,9.35,,
451,9.11,,
452,9.06,,
453,9.02,,
454,9.18,,
455,10.58,,
456,12.00,,
457,10.60,,
458,11.93,,
459,11.75,,
460,11.65,,
461,11.35,,
462,10.69,,
463,11.14,,
464,10.66,,
465,11.49,,
466,11.30,,
467,10.87,,
468,11.19,,
469,10.89,,
470,11.29,,
471,11.33,,
472,11.29,,
473,11.77,,
474,11.32,,
475,11.25,,
476,11.08,,
477,11.70,,
478,11.86,,
479,12.03,,
480,12.68,,
481,12.84,,
482,12.57,,
483,12.10,,
484,12.67,,
485,13.16,,
486,13.05,,
487,13.43,,
488,14.01,,
489,13.74,,
490,13.55,,
491,13.55,,
492,13.94,,
493,13.91,,
494,13.98,,
495,13.74,,
496,13.95,,
497,13.91,,
498,13.70,,
499,13.93,,
500,14.18,,
501,14.01,,
502,14.42,,
503,14.35,,
504,14.53,,
505,14.75,,
506,14.72,,
507,12.00,,
508,11.46,,
509,11.47,,
510,11.61,,
511,11.80,,
512,11.66,,
513,11.76,,
514,11.82,,
515,12.07,,
516,12.25,,
517,12.15,,
518,12.14,,
519,12.17,,
520,12.31,,
521,12.40,,
522,12.62,,
523,12.57,,
524,12.71,,
525,12.88,,
526,12.98,,
527,13.01,,
528,13.18,,
529,13.36,,
530,13.52,,
531,13.58,,
532,13.58,,
533,13.76,,
534,13.92,,
535,14.04,,
536,14.16,,
537,14.14,,
538,14.24,,
539,14.38,,
540,14.54,,
541,14.56,,
542,14.92,,
543,15.00,,
544,15.31,,
545,15.21,,
546,15.54,,
547,15.52,,
548,15.66,,
549,15.69,,
550,16.01,,
551,16.05,,
552,16.24,,
553,16.39,,
554,16.43,,
555,16.42,,
556,16.73,,
557,16.79,,
558,16.83,,
559,17.26,,
560,17.34,,
561,17.21,,
562,17.26,,
563,17.44,,
564,17.86,,
565,17.90,,
566,17.81,,
567,17.86,,
568,18.18,,
569,18.41,,
570,18.19,,
571,14.89,,
572,14.89,,
573,15.30,,
574,15.20,,
575,15.20,,
576,15.20,,
577,15.56,,
578,15.82,,
579,15.91,,
580,16.22,,
581,16.36,,
582,16.53,,
583,17.03,,
584,16.74,,
585,16.87,,
586,17.18,,
587,17.23,,
588,17.42,,
589,17.63,,
590,17.71,,
591,17.98,,
592,18.03,,
593,18.06,,
594,18.23,,
595,18.40,,
596,18.89,,
597,18.52,,
598,18.73,,
599,18.96,,
600,18.80,,
601,16.17,,
602,15.80,,
603,15.39,,
604,15.73,,
605,15.90,,
606,16.13,,
607,16.54,,
608,16.51,,
609,15.92,,
610,16.81,,
611,16.88,,
612,17.01,,
613,16.57,,
614,15.97,,
615,17.58,,
616,17.80,,
617,17.87,,
618,18.04,,
619,18.15,,
620,18.41,,
621,18.35,,
622,18.55,,
623,17.85,,
624,16.97,,
625,17.15,,
626,17.37,,
627,17.64,,
628,17.82,,
629,18.07,,
630,18.26,,
631,18.36,,
632,18.57,,
633,18.70,,
634,18.98,,
635,19.03,,
636,19.16,,
637,19.42,,
638,20.43,,
639,19.59,,
640,19.75,,
641,19.81,,
642,19.94,,
643,20.17,,
644,20.16,,
645,20.18,,
646,20.27,,
647,20.17,,
648,20.10,,
649,20.29,,
650,20.43,,
651,20.30,,
652,20.16,,
653,20.19,,
654,20.19,,
655,20.17,,
656,20.19,,
657,20.19,,
658,20.22,,
659,20.16,,
660,19.98,,
661,19.95,,
662,19.90,,
663,19.79,,
664,19.47,,
665,19.45,,
666,19.28,,
667,19.17,,
668,19.16,,
669,18.82,,
670,18.80,,
671,18.72,,
672,18.53,,
673,18.34,,
674,18.28,,
675,18.25,,
676,18.00,,
677,17.96,,
678,17.77,,
679,17.68,,
680,14.00,,
681,12.85,,
682,12.00,,
683,12.50,,
684,12.01,,
685,12.24,,
686,12.80,,
687,12.65,,
688,12.94,,
689,12.70,,
690,13.15,,
691,13.24,,
692,13.88,,
693,14.01,,
694,14.94,,
695,15.15,,
696,15.06,,
697,15.19,,
698,14.75,,
699,14.42,,
700,14.30,,
701,13.89,,
702,13.66,,
703,13.76,,
704,13.35,,
705,12.98,,
706,12.79,,
707,12.50,,
708,12.26,,
709,12.29,,
710,11.97,,
711,11.75,,
712,11.61,,
713,11.34,,
714,11.31,,
715,11.28,,
716,11.05,,
717,10.76,,
718,10.67,,
719,10.79,,
720,10.61,,
721,10.54,,
722,10.24,,
723,10.35,,
724,10.12,,
725,10.02,,
726,9.95,,
727,9.83,,
728,9.82,,
729,9.74,,
730,9.75,,
731,9.69,,
732,9.83,,
733,9.56,,
734,9.67,,
735,9.56,,
736,9.57,,
737,9.54,,
738,9.42,,
739,9.45,,
740,9.27,,
741,9.40,,
742,9.40,,
743,9.26,,
744,9.23,,
745,9.25,,
746,9.12,,
747,9.14,,
748,8.90,,
749,8.91,,
750,8.70,,
751,8.51,,
752,8.35,,
753,8.39,,
754,8.25,,
755,8.24,,
756,8.23,,
757,8.21,,
758,8.17,,
759,7.98,,
760,7.93,,
761,7.82,,
762,7.74,,
763,7.72,,
764,7.70,,
765,7.70,,
766,7.68,,
767,7.70,,
768,7.62,,
769,7.38,,
770,7.62,,
771,7.58,,
772,7.66,,
773,7.73,,
774,7.66,,
775,7.73,,
776,7.54,,
777,7.67,,
778,7.55,,
779,7.67,,
780,7.60,,
781,7.19,,
782,7.72,,
783,7.95,,
784,7.92,,
785,7.58,,
786,8.18,,
787,8.00,,
788,8.00,,
789,7.92,,
790,8.01,,
791,8.58,,
792,8.16,,
793,8.35,,
794,9.09,,
795,8.92,,
796,8.47,,
797,8.45,,
798,9.02,,
799,8.90,,
800,8.72,,
801,8.97,,
802,8.71,,
803,8.92,,
804,9.18,,
805,8.84,,
806,8.96,,
807,8.76,,
808,9.22,,
809,9.09,,
810,9.13,,
811,9.17,,
812,8.96,,
813,8.88,,
814,8.98,,
815,9.39,,
816,9.61,,
817,9.80,,
818,9.83,,
819,9.78,,
820,9.89,,
821,10.02,,
822,10.14,,
823,9.88,,
824,9.86,,
825,10.11,,
826,10.39,,
827,10.27,,
828,10.27,,
829,10.27,,
830,10.37,,
831,10.51,,
832,10.54,,
833,10.69,,
834,10.72,,
835,10.36,,
836,10.98,,
837,10.49,,
838,10.76,,
839,11.36,,
840,11.69,,
841,11.21,,
842,11.26,,
843,11.50,,
844,11.61,,
845,11.28,,
846,11.49,,
847,11.44,,
848,11.05,,
849,11.75,,
850,11.58,,
851,11.42,,
852,11.91,,
853,11.51,,
854,11.64,,
855,11.82,,
856,11.93,,
857,11.80,,
858,12.26,,
859,12.08,,
860,11.86,,
861,12.29,,
862,12.32,,
863,12.39,,
864,12.16,,
865,12.53,,
866,12.55,,
867,12.38,,
868,12.46,,
869,12.23,,
870,12.88,,
871,12.88,,
872,12.91,,
873,12.71,,
874,12.81,,
875,12.75,,
876,12.76,,
877,12.84,,
878,12.76,,
879,13.16,,
880,12.88,,
881,12.82,,
882,12.94,,
883,12.88,,
884,13.29,,
885,13.17,,
886,13.21,,
887,13.18,,
888,13.37,,
889,13.41,,
890,13.43,,
891,14.07,,
892,14.04,,
893,14.37,,
894,14.17,,
895,14.21,,
896,14.66,,
897,14.55,,
898,14.65,,
899,14.79,,
900,14.85,,
901,14.90,,
902,15.02,,
903,15.21,,
904,15.44,,
905,15.36,,
906,15.64,,
907,15.56,,
908,14.19,,
909,13.65,,
910,13.64,,
911,13.86,,
912,13.69,,
913,13.66,,
914,13.87,,
915,14.34,,
916,13.93,,
917,13.80,,
918,14.67,,
919,14.78,,
920,14.43,,
921,13.08,,
922,12.94,,
923,13.04,,
924,13.17,,
925,13.33,,
926,13.52,,
927,13.58,,
928,13.82,,
929,13.94,,
930,14.17,,
931,14.23,,
932,14.36,,
933,14.62,,
934,14.79,,
935,14.86,,
936,15.04,,
937,15.35,,
938,15.53,,
939,15.68,,
940,15.96,,
941,16.20,,
942,16.43,,
943,15.64,,
944,15.09,,
945,15.35,,
946,15.41,,
947,15.28,,
948,15.46,,
949,15.76,,
950,16.10,,
951,15.93,,
952,14.88,,
953,14.99,,
954,15.46,,
955,15.18,,
956,15.70,,
957,16.16,,
958,15.80,,
959,16.00,,
960,15.92,,
961,16.20,,
962,16.48,,
963,16.15,,
964,16.23,,
965,16.35,,
966,15.87,,
967,15.88,,
968,16.00,,
969,16.42,,
970,16.74,,
971,16.84,,
972,16.98,,
973,14.66,,
974,14.47,,
975,14.89,,
976,15.42,,
977,15.41,,
978,15.93,,
979,15.97,,
980,15.36,,
981,15.05,,
982,14.96,,
983,15.50,,
984,15.04,,
985,16.31,,
986,15.79,,
987,16.47,,
988,15.99,,
989,15.62,,
990,16.54,,
991,15.56,,
992,16.05,,
993,15.78,,
994,16.24,,
995,17.44,,
996,16.37,,
997,16.82,,
998,16.64,,
999,16.49,,
1000,16.69,,
1001,17.28,,
1002,17.40,,
1003,16.90,,
1004,17.00,,
1005,17.66,,
1006,17.71,,
1007,17.25,,
1008,17.01,,
1009,17.81,,
1010,17.33,,
1011,16.92,,
1012,17.55,,
1013,17.61,,
1014,17.55,,
1015,16.93,,
1016,17.48,,
1017,17.52,,
1018,17.62,,
1019,17.27,,
1020,17.28,,
1021,17.02,,
1022,17.14,,
1023,17.20,,
1024,17.43,,
1025,17.35,,
1026,17.11,,
1027,17.21,,
1028,17.11,,
1029,13.71,,
1030,12.83,,
1031,13.03,,
1032,13.43,,
1033,13.01,,
1034,12.73,,
1035,13.04,,
1036,12.94,,
1037,12.67,,
1038,12.91,,
1039,12.81,,
1040,13.25,,
1041,12.93,,
1042,13.11,,
1043,13.42,,
1044,13.51,,
1045,13.69,,
1046,13.80,,
1047,13.79,,
1048,13.92,,
1049,13.99,,
1050,14.11,,
1051,14.08,,
1052,13.96,,
1053,13.82,,
1054,14.26,,
1055,14.51,,
1056,14.40,,
1057,14.29,,
1058,14.22,,
1059,14.24,,
1060,14.34,,
1061,14.27,,
1062,14.21,,
1063,14.08,,
1064,13.94,,
1065,13.83,,
1066,13.73,,
1067,13.63,,
1068,13.64,,
1069,13.56,,
1070,13.37,,
1071,13.18,,
1072,13.16,,
1073,13.07,,
1074,13.05,,
1075,12.81,,
1076,12.76,,
1077,12.62,,
1078,12.63,,
1079,12.82,,
1080,12.68,,
1081,12.60,,
1082,12.31,,
1083,12.04,,
1084,11.47,,
1085,11.30,,
1086,11.24,,
1087,11.07,,
1088,10.71,,
1089,10.58,,
1090,10.25,,
1091,10.14,,
1092,10.07,,
1093,10.02,,
1094,10.18,,
1095,10.15,,
1096,9.98,,
1097,10.00,,
1098,9.66,,
1099,9.71,,
1100,9.40,,
1101,9.47,,
1102,9.90,,
1103,9.95,,
1104,9.77,,
1105,9.72,,
1106,9.60,,
1107,9.76,,
1108,9.71,,
1109,9.68,,
1110,9.64,,
1111,9.67,,
1112,9.66,,
1113,9.50,,
1114,9.42,,
1115,9.39,,
1116,9.31,,
1117,9.30,,
1118,9.24,,
1119,9.18,,
1120,9.08,,
1121,9.00,,
1122,8.91,,
1123,8.89,,
1124,8.87,,
1125,8.97,,
1126,8.94,,
1127,8.93,,
1128,8.95,,
1129,9.38,,
1130,9.16,,
1131,9.29,,
1132,9.30,,
1133,9.51,,
1134,9.55,,
1135,9.34,,
1136,9.36,,
1137,9.32,,
1138,9.15,,
1139,9.30,,
1140,9.02,,
1141,8.80,,
1142,8.76,,
1143,8.71,,
1144,9.14,,
1145,9.15,,
1146,8.96,,
1147,9.07,,
1148,9.12,,
1149,9.19,,
1150,9.14,,
1151,9.05,,
1152,8.99,,
1153,8.77,,
1154,9.05,,
1155,9.27,,
1156,9.25,,
1157,9.15,,
1158,8.99,,
1159,9.19,,
1160,9.32,,
1161,9.24,,
1162,9.13,,
1163,9.29,,
1164,9.18,,
1165,9.40,,
1166,9.30,,
1167,9.23,,
1168,9.31,,
1169,9.24,,
1170,9.64,,
1171,9.88,,
1172,9.94,,
1173,10.08,,
1174,9.79,,
1175,9.97,,
1176,9.99,,
1177,9.78,,
1178,10.04,,
1179,10.07,,
1180,9.86,,
1181,9.93,,
1182,10.70,,
1183,10.59,,
1184,10.38,,
1185,10.36,,
1186,10.28,,
1187,10.43,,
1188,10.84,,
1189,11.36,,
1190,11.34,,
1191,11.45,,
1192,11.37,,
1193,11.71,,
1194,11.80,,
1195,11.94,,
1196,11.39,,
1197,11.38,,
1198,11.39,,
1199,11.52,,
1200,11.81,,
1201,11.34,,
1202,11.55,,
1203,11.55,,
1204,11.56,,
1205,11.44,,
1206,11.55,,
1207,11.28,,
1208,11.69,,
1209,11.27,,
1210,11.13,,
1211,10.97,,
1212,11.53,,
1213,11.27,,
1214,11.14,,
1215,11.36,,
1216,11.46,,
1217,11.44,,
1218,11.22,,
1219,11.15,,
1220,11.25,,
1221,11.55,,
1222,11.20,,
1223,11.29,,
1224,11.40,,
1225,11.67,,
1226,11.40,,
1227,11.42,,
1228,11.33,,
1229,11.39,,
1230,11.28,,
1231,11.47,,
1232,12.25,,
1233,12.11,,
1234,12.06,,
1235,12.34,,
1236,12.66,,
1237,12.90,,
1238,12.39,,
1239,12.01,,
1240,11.64,,
1241,11.74,,
1242,11.77,,
1243,11.71,,
1244,11.74,,
1245,11.86,,
1246,12.08,,
1247,11.90,,
1248,11.97,,
1249,13.14,,
1250,13.70,,
1251,13.96,,
1252,13.94,,
1253,13.05,,
1254,12.58,,
1255,12.39,,
1256,12.52,,
1257,12.66,,
1258,12.64,,
1259,12.74,,
1260,12.88,,
1261,12.91,,
1262,13.01,,
1263,13.04,,
1264,13.19,,
1265,13.24,,
1266,13.29,,
1267,13.30,,
1268,13.47,,
1269,13.41,,
1270,13.54,,
1271,13.57,,
1272,13.68,,
1273,13.73,,
1274,13.82,,
1275,13.79,,
1276,13.92,,
1277,13.97,,
1278,14.01,,
1279,14.05,,
1280,14.13,,
1281,14.22,,
1282,14.26,,
1283,14.39,,
1284,14.39,,
1285,14.67,,
1286,14.46,,
1287,14.51,,
1288,14.75,,
1289,14.60,,
1290,14.71,,
1291,14.64,,
1292,14.74,,
1293,15.18,,
1294,15.14,,
1295,15.08,,
1296,15.34,,
1297,15.42,,
1298,15.53,,
1299,15.51,,
1300,15.69,,
1301,15.77,,
1302,15.99,,
1303,15.99,,
1304,16.05,,
1305,16.37,,
1306,16.44,,
1307,16.51,,
1308,16.57,,
1309,16.66,,
1310,16.96,,
1311,16.91,,
1312,16.99,,
1313,17.27,,
1314,16.58,,
1315,16.44,,
1316,16.87,,
1317,17.04,,
1318,17.12,,
1319,14.34,,
1320,13.81,,
1321,13.85,,
1322,13.97,,
1323,13.92,,
1324,14.09,,
1325,14.28,,
1326,14.30,,
1327,14.23,,
1328,14.30,,
1329,14.48,,
1330,14.39,,
1331,14.59,,
1332,14.77,,
1333,14.83,,
1334,14.88,,
1335,14.92,,
1336,15.03,,
1337,15.08,,
1338,15.21,,
1339,15.31,,
1340,15.31,,
1341,15.57,,
1342,15.43,,
1343,15.40,,
1344,15.40,,
1345,15.40,,
1346,15.40,,
1347,15.40,,
1348,15.50,,
1349,15.55,,
1350,15.75,,
1351,15.66,,
1352,15.56,,
1353,15.78,,
1354,15.85,,
1355,15.82,,
1356,16.19,,
1357,15.89,,
1358,15.98,,
1359,16.22,,
1360,16.21,,
1361,16.26,,
1362,16.23,,
1363,16.16,,
1364,16.43,,
1365,16.36,,
1366,16.55,,
1367,16.29,,
1368,16.55,,
1369,16.44,,
1370,16.50,,
1371,16.57,,
1372,16.79,,
1373,16.76,,
1374,16.68,,
1375,16.69,,
1376,16.83,,
1377,17.02,,
1378,17.31,,
1379,17.43,,
1380,17.31,,
1381,17.61,,
1382,17.37,,
1383,17.35,,
1384,17.43,,
1385,17.32,,
1386,17.38,,
1387,17.35,,
1388,17.41,,
1389,17.41,,
1390,17.45,,
1391,17.45,,
1392,17.64,,
1393,17.56,,
1394,17.61,,
1395,17.52,,
1396,17.66,,
1397,17.61,,
1398,17.43,,
1399,17.45,,
1400,17.35,,
1401,17.14,,
1402,16.98,,
1403,16.69,,
1404,14.67,,
1405,14.63,,
1406,14.83,,
1407,15.00,,
1408,14.39,,
1409,14.70,,
1410,14.84,,
1411,14.72,,
1412,14.84,,
1413,14.76,,
1414,14.33,,
1415,14.56,,
1416,14.48,,
1417,14.27,,
1418,14.45,,
1419,14.49,,
1420,14.39,,
1421,14.34,,
1422,14.38,,
1423,14.05,,
1424,13.98,,
1425,13.84,,
1426,13.71,,
1427,13.56,,
1428,13.39,,
1429,13.44,,
1430,13.24,,
1431,13.15,,
1432,13.15,,
1433,13.11,,
1434,13.09,,
1435,12.92,,
1436,12.84,,
1437,13.03,,
1438,13.01,,
1439,12.84,,
1440,12.67,,
1441,12.74,,
1442,12.52,,
1443,12.29,,
1444,12.24,,
1445,12.13,,
1446,11.94,,
1447,11.66,,
1448,11.55,,
1449,11.36,,
1450,11.40,,
1451,11.24,,
1452,11.23,,
1453,11.05,,
1454,11.05,,
1455,11.04,,
1456,10.96,,
1457,10.91,,
1458,10.64,,
1459,10.56,,
1460,10.56,,
1461,10.42,,
1462,10.28,,
1463,10.21,,
1464,10.13,,
1465,10.00,,
1466,9.67,,
1467,9.54,,
1468,9.47,,
1469,9.43,,
1470,9.37,,
1471,9.30,,
1472,9.24,,
1473,9.23,,
1474,9.17,,
1475,9.10,,
1476,9.00,,
1477,9.00,,
1478,8.79,,
1479,8.85,,
1480,8.84,,
1481,8.69,,
1482,8.71,,
1483,8.77,,
1484,8.74,,
1485,8.73,,
1486,8.57,,
1487,8.57,,
1488,8.38,,
1489,8.67,,
1490,8.60,,
1491,8.52,,
1492,8.66,,
1493,8.53,,
1494,8.31,,
1495,8.40,,
1496,8.71,,
1497,8.67,,
1498,8.50,,
1499,8.58,,
1500,8.59,,
1501,8.64,,
1502,8.48,,
1503,8.52,,
1504,8.63,,
1505,8.48,,
1506,8.53,,
1507,8.52,,
1508,8.31,,
1509,8.47,,
1510,8.69,,
1511,8.74,,
1512,8.37,,
1513,8.42,,
1514,8.50,,
1515,8.48,,
1516,8.43,,
1517,8.72,,
1518,9.04,,
1519,9.11,,
1521,8.94,,
1522,8.79,,
1523,9.07,,
1524,9.19,,
1525,9.04,,
1526,9.17,,
1527,9.36,,
1528,9.54,,
1529,9.62,,
1530,9.92,,
1531,10.25,,
1532,10.01,,
1533,10.11,,
1534,10.12,,
1535,10.39,,
1536,10.62,,
1537,10.64,,
1538,10.62,,
1539,10.72,,
1540,10.57,,
1541,10.75,,
1542,10.61,,
1543,10.35,,
1544,10.42,,
1545,10.64,,
1546,10.29,,
1547,10.61,,
1548,10.94,,
1549,10.87,,
1550,11.08,,
1551,10.64,,
1552,10.91,,
1553,11.53,,
1554,11.28,,
1555,11.08,,
1556,10.96,,
1557,11.10,,
1558,11.70,,
1559,11.70,,
1560,11.63,,
1561,11.88,,
1562,12.19,,
1563,12.12,,
1564,11.92,,
1565,11.65,,
1566,12.05,,
1567,12.00,,
1568,12.30,,
1569,12.32,,
1570,12.27,,
1571,12.18,,
1572,12.20,,
1573,12.32,,
1574,12.87,,
1575,13.05,,
1576,13.42,,
1577,13.54,,
1578,13.73,,
1579,13.64,,
1580,14.02,,
1581,13.94,,
1582,13.97,,
1583,14.11,,
1584,14.30,,
1585,14.45,,
1586,13.93,,
1587,14.03,,
1588,14.06,,
1589,14.43,,
1590,14.55,,
1591,14.54,,
1592,14.56,,
1593,14.81,,
1594,14.81,,
1595,14.76,,
1596,14.77,,
1597,14.81,,
1598,14.90,,
1599,14.09,,
1600,15.15,,
1601,14.99,,
1602,14.70,,
1603,14.92,,
1604,14.62,,
1605,15.29,,
1606,15.28,,
1607,15.26,,
1608,15.34,,
1609,15.40,,
1610,15.15,,
1611,15.84,,
1612,16.08,,
1613,16.05,,
1614,16.17,,
1615,16.24,,
1616,15.28,,
1617,16.38,,
1618,16.45,,
1619,16.66,,
1620,16.27,,
1621,16.54,,
1622,15.29,,
1623,15.59,,
1624,15.85,,
1625,16.12,,
1626,16.36,,
1627,15.88,,
1628,16.30,,
1629,16.20,,
1630,16.58,,
1631,16.10,,
1632,16.96,,
1633,17.04,,
1634,16.26,,
1635,13.71,,
1636,13.75,,
1637,13.84,,
1638,13.89,,
1639,14.06,,
1640,14.21,,
1641,14.45,,
1642,14.60,,
1643,14.69,,
1644,14.94,,
1645,15.20,,
1646,15.37,,
1647,15.50,,
1648,15.71,,
1649,15.89,,
1650,16.03,,
1651,16.21,,
1652,16.42,,
1653,16.73,,
1654,16.78,,
1655,16.98,,
1656,17.40,,
1657,16.48,,
1658,17.06,,
1659,17.25,,
1660,17.51,,
1661,17.77,,
1662,17.80,,
1663,17.18,,
1664,16.95,,
1665,17.26,,
1666,17.41,,
1667,17.77,,
1668,17.88,,
1669,17.26,,
1670,17.58,,
1671,17.67,,
1672,17.73,,
1673,17.20,,
1674,16.92,,
1675,17.18,,
1676,17.53,,
1677,17.54,,
1678,17.01,,
1679,16.44,,
1680,17.78,,
1681,17.71,,
1682,17.78,,
1683,16.51,,
1684,15.60,,
1685,15.90,,
1686,15.98,,
1687,16.08,,
1688,16.10,,
1689,16.87,,
1690,16.98,,
1691,16.49,,
1692,15.32,,
1693,15.30,,
1694,15.60,,
1695,15.96,,
1696,16.18,,
1697,16.36,,
1698,16.32,,
1699,14.82,,
1700,16.36,,
1701,15.62,,
1702,16.75,,
1703,16.47,,
1704,17.25,,
1705,18.03,,
1706,16.40,,
1707,16.41,,
1708,16.39,,
1709,16.80,,
1710,16.49,,
1711,16.74,,
1712,16.66,,
1713,16.74,,
1714,16.97,,
1715,17.85,,
1716,17.28,,
1717,17.72,,
1718,17.46,,
1719,17.34,,
1720,17.38,,
1721,17.48,,
1722,17.46,,
1723,17.72,,
1724,17.77,,
1725,17.83,,
1726,17.76,,
1727,17.66,,
1728,17.67,,
1729,17.51,,
1730,17.78,,
1731,17.88,,
1732,17.70,,
1733,17.69,,
1734,17.77,,
1735,17.77,,
1736,17.70,,
1737,17.84,,
1738,17.81,,
1739,17.83,,
1740,17.79,,
1741,17.83,,
1742,17.82,,
1743,17.79,,
1744,17.79,,
1745,18.10,,
1746,18.05,,
1747,18.17,,
1748,17.90,,
1749,18.04,,
1750,17.64,,
1751,18.09,,
1752,17.87,,
1753,18.25,,
1754,18.02,,
1755,18.15,,
1756,17.52,,
1757,17.46,,
1758,17.23,,
1759,17.00,,
1760,16.81,,
1761,16.85,,
1762,16.68,,
1763,16.28,,
1764,16.08,,
1765,16.05,,
1766,16.00,,
1767,15.79,,
1768,15.75,,
1769,15.47,,
1770,15.63,,
1771,15.42,,
1772,15.37,,
1773,15.27,,
1774,15.21,,
1775,15.16,,
1776,15.23,,
1777,15.11,,
1778,15.05,,
1779,14.78,,
1780,14.78,,
1781,14.60,,
1782,14.50,,
1783,14.43,,
1784,14.39,,
1785,14.33,,
1786,14.51,,
1787,14.26,,
1788,13.83,,
1789,13.75,,
1790,13.56,,
1791,13.31,,
1792,13.09,,
1793,13.10,,
1794,12.99,,
1795,12.61,,
1796,12.46,,
1797,12.09,,
1798,11.92,,
1799,11.75,,
1800,11.54,,
1801,11.31,,
1802,11.00,,
1803,10.96,,
1804,11.04,,
1805,11.04,,
1806,10.92,,
1807,10.67,,
1808,10.60,,
1809,10.62,,
1810,10.53,,
1811,10.43,,
1812,10.45,,
1813,10.43,,
1814,10.28,,
1815,10.14,,
1816,10.00,,
1817,9.82,,
1818,9.93,,
1819,9.83,,
1820,9.71,,
1821,9.56,,
1822,9.60,,
1823,9.76,,
1824,9.69,,
1825,9.55,,
1826,9.52,,
1827,9.59,,
1828,9.31,,
1829,9.21,,
1830,9.08,,
1831,8.89,,
1832,8.92,,
1833,8.89,,
1834,8.87,,
1835,8.92,,
1836,8.97,,
1837,8.93,,
1838,8.76,,
1839,8.74,,
1840,8.60,,
1841,8.46,,
1842,8.42,,
1843,8.36,,
1844,8.20,,
1845,8.18,,
1846,8.16,,
1847,8.20,,
1848,8.12,,
1849,8.14,,
1850,8.13,,
1851,8.07,,
1852,8.17,,
1853,8.49,,
1854,8.47,,
1855,8.55,,
1856,8.71,,
1857,8.73,,
1858,8.71,,
1859,8.79,,
1860,8.70,,
1861,8.68,,
1862,8.64,,
1863,8.60,,
1864,8.49,,
1865,8.32,,
1866,8.65,,
1867,8.77,,
1868,8.67,,
1869,8.56,,
1870,8.51,,
1871,8.43,,
1872,8.44,,
1873,8.52,,
1874,8.43,,
1875,8.28,,
1876,8.37,,
1877,8.62,,
1878,8.52,,
1879,9.09,,
1880,8.94,,
1881,8.83,,
1882,8.63,,
1883,8.82,,
1884,9.01,,
1885,8.74,,
1886,9.01,,
1887,9.03,,
1888,8.81,,
1889,8.98,,
1890,8.79,,
1891,8.80,,
1892,8.96,,
1893,8.98,,
1894,8.95,,
1895,8.99,,
1896,8.86,,
1897,9.02,,
1898,9.01,,
1899,9.14,,
1900,9.28,,
1901,10.60,,
1902,11.05,,
1903,10.92,,
1904,10.76,,
1905,9.77,,
1906,10.22,,
1907,10.49,,
1908,10.11,,
1909,10.14,,
1910,10.83,,
1911,11.20,,
1912,11.09,,
1913,10.46,,
1914,10.27,,
1915,10.53,,
1916,10.93,,
1917,10.61,,
1918,10.70,,
1919,10.54,,
1920,10.22,,
1921,10.62,,
1922,11.09,,
1923,10.97,,
1924,10.49,,
1925,10.42,,
1926,11.28,,
1927,11.08,,
1928,10.63,,
1929,10.68,,
1930,10.88,,
1931,11.47,,
1932,11.20,,
1933,11.25,,
1934,10.96,,
1935,11.30,,
1936,11.59,,
1937,11.39,,
1938,11.40,,
1939,11.42,,
1940,11.41,,
1941,11.24,,
1942,11.44,,
1943,11.43,,
1944,11.20,,
1945,11.43,,
1946,11.29,,
1947,11.30,,
1948,11.40,,
1949,11.39,,
1950,11.34,,
1951,11.37,,
1952,11.32,,
1953,11.30,,
1954,11.41,,
1955,11.33,,
1956,11.59,,
1957,11.50,,
1958,11.35,,
1959,11.30,,
1960,11.25,,
1961,11.33,,
1962,11.37,,
1963,11.35,,
1964,12.87,,
1965,13.46,,
1966,13.54,,
1967,13.32,,
1968,13.78,,
1969,13.59,,
1970,13.42,,
1971,13.24,,
1972,12.72,,
1973,11.64,,
1974,11.47,,
1975,11.44,,
1976,11.55,,
1977,11.78,,
1978,12.96,,
1979,13.66,,
1980,13.51,,
1981,13.54,,
1982,12.37,,
1983,12.05,,
1984,12.61,,
1985,12.07,,
1986,12.22,,
1987,12.12,,
1988,12.09,,
1989,12.18,,
1990,12.17,,
1991,12.24,,
1992,12.33,,
1993,12.45,,
1994,12.54,,
1995,12.50,,
1996,12.67,,
1997,12.65,,
1998,12.78,,
1999,12.79,,
2000,12.97,,
2001,12.84,,
2002,12.99,,
2003,12.98,,
2004,13.02,,
2005,13.14,,
2006,13.18,,
2007,13.18,,
2008,13.23,,
2009,13.34,,
2010,13.43,,
2011,13.44,,
2012,13.49,,
2013,13.54,,
2014,13.62,,
2015,13.67,,
2016,13.76,,
2017,13.78,,
2018,13.88,,
2019,13.87,,
2020,13.92,,
2021,14.01,,
2022,14.08,,
2023,14.15,,
2024,14.43,,
2025,14.46,,
2026,14.43,,
2027,14.36,,
2028,14.41,,
2029,14.56,,
2030,14.72,,
2031,14.58,,
2032,14.71,,
2033,14.74,,
2034,14.98,,
2035,15.24,,
2036,15.12,,
2037,15.30,,
2038,15.09,,
2039,15.19,,
2040,15.13,,
2041,15.32,,
2042,15.26,,
2043,15.27,,
2044,15.62,,
2045,15.32,,
2046,15.42,,
2047,14.37,,
2048,15.10,,
2049,15.07,,
2050,14.68,,
2051,15.11,,
2052,13.95,,
2053,15.10,,
2054,15.66,,
2055,16.08,,
2056,15.26,,
2057,14.60,,
2058,15.48,,
2059,15.60,,
2060,15.89,,
2061,15.61,,
2062,14.86,,
2063,14.93,,
2064,15.08,,
2065,15.51,,
2066,14.88,,
2067,14.76,,
2068,14.86,,
2069,15.31,,
2070,14.95,,
2071,14.92,,
2072,15.08,,
2073,14.87,,
2074,15.23,,
2075,15.23,,
2076,15.40,,
2077,15.45,,
2078,15.54,,
2079,15.57,,
2080,15.72,,
2081,15.69,,
2082,15.79,,
2083,15.86,,
2084,15.98,,
2085,15.90,,
2086,15.95,,
2087,16.10,,
2088,16.04,,
2089,16.17,,
2090,16.14,,
2091,16.26,,
2092,15.30,,
2093,15.53,,
2094,15.38,,
2095,15.73,,
2096,15.69,,
2097,15.65,,
2098,15.72,,
2099,15.28,,
2100,16.01,,
2101,15.92,,
2102,16.06,,
2103,16.15,,
2104,16.33,,
2105,16.27,,
2106,16.24,,
2107,16.19,,
2108,16.19,,
2109,16.34,,
2110,16.12,,
2111,16.21,,
2112,16.29,,
2113,16.26,,
2114,16.26,,
2115,16.49,,
2116,16.51,,
2117,16.54,,
2118,16.08,,
2119,16.61,,
2120,16.80,,
2121,16.65,,
2122,16.61,,
2123,16.56,,
2124,16.65,,
2125,16.44,,
2126,16.32,,
2127,14.88,,
2128,15.04,,
2129,15.38,,
2130,15.33,,
2131,15.22,,
2132,15.57,,
2133,15.05,,
2134,15.18,,
2135,15.33,,
2136,14.84,,
2137,15.26,,
2138,14.76,,
2139,14.99,,
2140,14.87,,
2141,14.89,,
2142,14.80,,
2143,15.06,,
2144,14.90,,
2145,15.27,,
2146,15.10,,
2147,15.05,,
2148,14.89,,
2149,14.89,,
2150,14.57,,
2151,14.73,,
2152,14.52,,
2153,14.55,,
2154,13.87,,
2155,13.68,,
2156,13.67,,
2157,13.75,,
2158,13.65,,
2159,13.67,,
2160,13.46,,
2161,13.38,,
2162,12.91,,
2163,13.18,,
2164,12.76,,
2165,12.34,,
2166,11.91,,
2167,11.67,,
2168,11.43,,
2169,11.27,,
2170,11.08,,
2171,11.00,,
2172,10.96,,
2173,10.84,,
2174,10.88,,
2175,10.75,,
2176,10.69,,
2177,10.64,,
2178,10.70,,
2179,10.57,,
2180,10.68,,
2181,10.76,,
2182,10.50,,
2212,9.01,,
2213,8.76,,
2214,8.55,,
2215,8.47,,
2216,8.38,,
2217,8.33,,
2218,8.13,,
2219,8.35,,
2220,8.06,,
2221,8.11,,
2222,8.09,,
2223,8.27,,
2224,8.15,,
2225,8.17,,
2226,8.32,,
2227,8.13,,
2228,8.25,,
2229,8.33,,
2230,8.33,,
2231,8.45,,
2232,8.45,,
2233,8.47,,
2234,8.49,,
2235,8.64,,
2236,8.50,,
2237,8.68,,
2238,8.88,,
2239,9.04,,
2240,8.96,,
2241,8.90,,
2242,8.90,,
2243,8.86,,
2244,8.74,,
2245,8.64,,
2246,8.97,,
2247,8.77,,
2248,8.85,,
2249,8.50,,
2250,7.80,,
2251,8.12,,
2252,8.13,,
2253,8.01,,
2254,8.03,,
2255,8.49,,
2256,8.65,,
2257,8.54,,
2258,8.56,,
2259,8.58,,
2260,8.23,,
2261,8.07,,
2262,8.28,,
2263,8.41,,
2264,8.15,,
2265,8.20,,
2266,8.15,,
2267,8.10,,
2268,8.14,,
2269,8.59,,
2270,8.66,,
2271,8.31,,
2272,8.39,,
2273,8.62,,
2274,8.68,,
2275,8.60,,
2276,8.29,,
2277,8.75,,
2278,8.96,,
2279,8.78,,
2280,9.28,,
2281,9.50,,
2282,9.45,,
2283,9.48,,
2284,9.83,,
2285,9.56,,
2286,9.86,,
2287,9.72,,
2288,9.63,,
2289,9.73,,
2290,9.66,,
2291,10.05,,
2292,9.91,,
2293,10.03,,
2294,10.43,,
2295,10.60,,
2296,10.28,,
2297,9.93,,
2298,10.22,,
2299,10.65,,
2300,10.86,,
2301,10.94,,
2302,11.27,,
2303,10.83,,
2304,10.62,,
2305,10.75,,
2306,10.81,,
2307,11.27,,
2308,11.12,,
2309,12.00,,
2310,11.98,,
2311,11.51,,
2312,12.61,,
2313,12.85,,
2314,12.80,,
2315,12.23,,
2316,11.82,,
2317,12.13,,
2318,12.07,,
2319,12.62,,
2320,12.95,,
2321,13.26,,
2322,13.40,,
2323,13.45,,
2324,12.82,,
2325,12.25,,
2326,12.73,,
2327,12.55,,
2328,12.50,,
2329,12.65,,
2330,12.70,,
2331,12.60,,
2332,12.98,,
2333,12.59,,
2334,12.82,,
2335,11.58,,
2336,11.57,,
2337,11.58,,
2338,11.66,,
2339,11.80,,
2340,11.54,,
2341,11.58,,
2342,11.57,,
2343,11.66,,
2344,11.71,,
2345,11.69,,
2346,11.67,,
2347,11.67,,
2348,11.74,,
2349,11.75,,
2350,11.85,,
2351,12.04,,
2352,11.98,,
2353,12.14,,
2354,12.15,,
2355,12.21,,
2356,12.25,,
2357,12.27,,
2358,12.29,,
2359,12.36,,
2360,12.48,,
2361,12.51,,
2362,12.60,,
2363,13.35,,
2364,12.69,,
2365,12.77,,
2366,12.82,,
2367,12.91,,
2368,12.97,,
2369,13.01,,
2370,13.12,,
2371,13.17,,
2372,13.24,,
2373,13.33,,
2374,13.38,,
2375,13.45,,
2376,13.55,,
2377,13.59,,
2378,13.63,,
2379,13.60,,
2380,13.64,,
2381,13.75,,
2382,13.85,,
2383,14.00,,
2384,13.68,,
2385,13.65,,
2386,13.83,,
2387,14.07,,
2388,14.21,,
2389,14.17,,
2390,14.28,,
2391,14.59,,
2392,14.58,,
2393,14.43,,
2394,14.67,,
2395,13.64,,
2396,13.79,,
2397,13.98,,
2398,14.23,,
2399,13.89,,
2400,13.99,,
2401,14.28,,
2402,14.90,,
2403,15.05,,
2404,14.44,,
2405,15.29,,
2406,15.21,,
2407,15.37,,
2408,15.28,,
2409,15.55,,
2410,15.62,,
2411,15.63,,
2412,15.66,,
2413,15.57,,
2414,14.70,,
2415,15.47,,
2416,15.22,,
2417,15.29,,
2418,15.19,,
2419,15.24,,
2420,15.27,,
2421,15.52,,
2422,15.81,,
2423,15.93,,
2424,16.17,,
2425,16.27,,
2426,15.66,,
2427,15.75,,
2428,16.50,,
2429,15.64,,
2430,15.90,,
2431,16.35,,
2432,15.09,,
2433,15.13,,
2434,15.13,,
2435,15.22,,
2436,15.32,,
2437,15.36,,
2438,15.43,,
2439,15.51,,
2440,15.58,,
2441,15.66,,
2442,15.80,,
2443,15.70,,
2444,15.72,,
2445,15.80,,
2446,15.83,,
2447,15.92,,
2448,16.01,,
2449,15.89,,
2450,16.02,,
2451,15.83,,
2452,16.12,,
2453,16.23,,
2454,16.24,,
2455,16.33,,
2456,16.06,,
2457,16.45,,
2458,16.52,,
2459,16.35,,
2460,16.60,,
2461,16.67,,
2462,16.46,,
2463,16.48,,
2464,16.58,,
2465,16.59,,
2466,16.54,,
2467,16.63,,
2468,16.76,,
2469,16.75,,
2470,16.75,,
2471,16.79,,
2472,17.01,,
2473,16.82,,
2474,16.82,,
2475,17.02,,
2476,16.57,,
2477,16.94,,
2478,16.88,,
2479,17.02,,
2480,16.97,,
2481,17.08,,
2482,16.99,,
2483,16.93,,
2484,16.93,,
2485,16.86,,
2486,16.89,,
2487,16.86,,
2488,16.96,,
2489,16.90,,
2490,17.04,,
2491,16.62,,
2492,15.26,,
2493,15.70,,
2494,16.34,,
2495,16.34,,
2496,16.18,,
2497,16.22,,
2498,15.35,,
2499,15.22,,
2500,15.12,,
2501,15.08,,
2502,15.16,,
2503,15.01,,
2504,14.82,,
2505,15.00,,
2506,14.78,,
2507,14.84,,
2508,14.72,,
2509,14.58,,
2510,14.80,,
2511,14.70,,
2512,14.18,,
2513,14.21,,
2514,14.29,,
2515,14.11,,
2516,14.27,,
2517,14.12,,
2518,14.10,,
2519,14.25,,
2520,14.04,,
2521,14.10,,
2522,13.86,,
2523,13.77,,
2524,13.68,,
2525,13.66,,
2526,13.35,,
2527,13.11,,
2528,12.92,,
2529,12.77,,
2530,12.55,,
2531,12.43,,
2532,12.30,,
2533,12.22,,
2534,12.11,,
2535,11.89,,
2536,11.94,,
2537,12.02,,
2538,11.75,,
2539,11.81,,
2540,11.64,,
2541,11.56,,
2542,11.44,,
2543,11.47,,
2544,11.27,,
2545,11.22,,
2546,11.15,,
2547,10.98,,
2548,10.84,,
2549,10.58,,
2550,10.43,,
2551,10.38,,
2552,10.02,,
2553,10.19,,
2554,10.48,,
2555,10.26,,
2556,10.00,,
2557,9.87,,
2558,9.70,,
2559,9.62,,
2560,9.51,,
2561,9.35,,
2562,9.71,,
2563,9.39,,
2564,9.01,,
2565,8.91,,
2566,8.72,,
2567,8.57,,
2568,8.80,,
2569,8.95,,
2570,8.63,,
2571,8.59,,
2572,8.24,,
2573,8.18,,
2574,8.05,,
2575,7.84,,
2576,7.82,,
2577,7.69,,
2578,7.85,,
2579,7.68,,
2580,7.53,,
2581,7.48,,
2582,7.35,,
2583,7.25,,
2584,7.25,,
2585,7.20,,
2586,7.27,,
2587,7.16,,
2588,7.26,,
2589,7.27,,
2590,7.24,,
2591,7.31,,
2592,7.27,,
2593,7.23,,
2594,7.27,,
2595,7.39,,
2596,7.25,,
2597,7.43,,
2598,7.48,,
2599,7.48,,
2600,7.72,,
2601,7.71,,
2602,7.80,,
2603,8.12,,
2604,9.04,,
2605,8.88,,
2606,8.65,,
2607,9.09,,
2608,8.67,,
2609,8.90,,
2610,8.72,,
2611,9.01,,
2612,8.90,,
2613,8.68,,
2614,8.86,,
2615,8.86,,
2616,8.77,,
2617,8.80,,
2618,8.91,,
2619,8.81,,
2620,8.83,,
2621,8.85,,
2622,8.81,,
2623,8.59,,
2624,8.68,,
2625,8.66,,
2626,8.73,,
2627,8.72,,
2628,8.67,,
2629,8.67,,
2630,8.63,,
2631,8.69,,
2632,8.59,,
2633,8.66,,
2634,8.79,,
2635,8.77,,
2636,8.87,,
2637,10.80,,
2638,10.51,,
2639,10.59,,
2640,10.49,,
2641,10.39,,
2642,9.96,,
2643,10.80,,
2644,11.09,,
2645,10.93,,
2646,10.98,,
2647,11.01,,
2648,10.65,,
2649,11.20,,
2650,11.26,,
2651,11.18,,
2652,11.28,,
2653,11.11,,
2654,10.95,,
2655,11.40,,
2656,11.55,,
2657,11.79,,
2658,11.23,,
2659,12.14,,
2660,11.70,,
2661,11.82,,
2662,12.30,,
2663,11.94,,
2664,11.08,,
2665,11.95,,
2666,11.76,,
2667,12.02,,
2668,11.81,,
2669,11.84,,
2670,12.36,,
2671,12.22,,
2672,12.20,,
2673,12.53,,
2674,12.46,,
2675,12.51,,
2676,12.24,,
2677,12.38,,
2678,12.18,,
2679,12.19,,
2680,12.46,,
2681,12.68,,
2682,13.18,,
2683,13.40,,
2684,13.23,,
2685,13.07,,
2686,13.06,,
2687,13.00,,
2688,13.29,,
2689,13.23,,
2690,13.68,,
2691,13.43,,
2692,13.20,,
2693,13.63,,
2694,13.43,,
2695,13.76,,
2696,13.97,,
2697,13.75,,
2698,14.11,,
2699,14.17,,
2700,13.98,,
2701,13.98,,
2702,14.22,,
2703,14.22,,
2704,14.23,,
2705,14.37,,
2706,14.23,,
2707,13.91,,
2708,14.02,,
2709,14.27,,
2710,14.22,,
2711,14.24,,
2712,14.08,,
2713,14.07,,
2714,14.88,,
2715,14.47,,
2716,14.65,,
2717,14.67,,
2718,14.63,,
2719,14.96,,
2720,14.98,,
2721,15.07,,
2722,15.10,,
2723,14.36,,
2724,14.51,,
2725,14.85,,
2726,15.57,,
2727,15.25,,
2728,15.49,,
2729,15.62,,
2730,16.45,,
2731,16.62,,
2732,16.73,,
2733,15.81,,
2734,16.20,,
2735,16.10,,
2736,16.74,,
2737,16.40,,
2738,16.84,,
2739,16.83,,
2740,17.23,,
2741,16.90,,
2742,17.22,,
2743,17.62,,
2744,14.43,,
2745,13.54,,
2746,13.62,,
2747,13.77,,
2748,13.95,,
2749,14.20,,
2750,14.35,,
2751,14.71,,
2752,14.82,,
2753,15.14,,
2754,15.28,,
2755,15.58,,
2756,15.80,,
2757,16.01,,
2758,16.15,,
2759,16.39,,
2760,16.64,,
2761,16.82,,
2762,16.97,,
2763,16.63,,
2764,16.14,,
2765,17.00,,
2766,17.07,,
2767,17.39,,
2768,16.90,,
2769,16.98,,
2770,17.32,,
2771,17.17,,
2772,17.58,,
2773,17.29,,
2774,17.23,,
2775,17.14,,
2776,17.64,,
2777,17.66,,
2778,16.68,,
2779,16.44,,
2780,16.91,,
2781,17.19,,
2782,17.24,,
2783,17.50,,
2784,17.82,,
2785,16.96,,
2786,17.19,,
2787,17.26,,
2788,17.57,,
2789,17.54,,
2790,17.72,,
2791,15.56,,
2792,15.54,,
2793,16.00,,
2794,15.82,,
2795,16.74,,
2796,17.18,,
2797,17.26,,
2798,17.15,,
2799,16.24,,
2800,15.40,,
2801,16.00,,
2802,15.99,,
2803,16.02,,
2804,16.39,,
2805,17.31,,
2806,16.78,,
2807,17.17,,
2808,17.40,,
2809,17.28,,
2810,17.25,,
2811,17.24,,
2812,17.49,,
2813,17.65,,
2814,17.34,,
2815,17.23,,
2816,17.54,,
2817,17.62,,
2818,17.62,,
2819,17.78,,
2820,17.82,,
2821,17.82,,
2822,18.01,,
2823,18.02,,
2824,18.05,,
2825,18.05,,
2826,18.07,,
2827,18.07,,
2828,18.02,,
2829,18.22,,
2830,18.12,,
2831,18.25,,
2832,18.05,,
2833,17.68,,
2834,17.61,,
2835,17.79,,
2836,17.63,,
2837,17.42,,
2838,17.46,,
2839,17.40,,
2840,17.48,,
2841,17.41,,
2842,17.31,,
2843,17.10,,
2844,17.13,,
2845,16.99,,
2846,16.91,,
2847,16.85,,
2848,16.79,,
2849,16.73,,
2850,16.83,,
2851,16.84,,
2852,16.69,,
2853,16.63,,
2854,16.66,,
2855,16.59,,
2856,16.27,,
2857,16.28,,
2858,16.07,,
2859,16.23,,
2860,16.08,,
2861,16.15,,
2862,16.21,,
2863,16.17,,
2864,16.06,,
2865,15.99,,
2866,15.88,,
2867,15.91,,
2868,15.89,,
2869,15.60,,
2870,13.38,,
2871,12.32,,
2872,12.84,,
2873,13.41,,
2874,13.66,,
2875,13.21,,
2876,13.72,,
2877,13.11,,
2878,12.97,,
2879,12.82,,
2880,13.13,,
2881,13.06,,
2882,12.95,,
2883,12.75,,
2884,12.87,,
2885,12.94,,
2886,13.06,,
2887,13.08,,
2888,13.07,,
2889,13.09,,
2890,13.49,,
2891,13.69,,
2892,13.34,,
2893,13.12,,
2894,13.07,,
2895,13.00,,
2896,12.81,,
2897,12.87,,
2898,12.79,,
2899,12.61,,
2900,12.26,,
2901,12.12,,
2902,11.84,,
2903,11.71,,
2904,11.45,,
2905,11.34,,
2906,11.12,,
2907,11.03,,
2908,10.87,,
2909,10.73,,
2910,10.80,,
2911,10.70,,
2912,10.51,,
2913,10.45,,
2914,10.13,,
2915,10.16,,
2916,9.90,,
2917,9.78,,
2918,9.61,,
2919,9.38,,
2920,9.33,,
2921,9.22,,
2922,9.16,,
2923,9.11,,
2924,8.95,,
2925,8.92,,
2926,8.89,,
2927,8.81,,
2928,8.61,,
2929,8.50,,
2930,8.34,,
2931,8.34,,
2932,8.29,,
2933,8.15,,
2934,8.17,,
2935,8.24,,
2936,8.27,,
2937,8.29,,
2938,8.08,,
2939,8.02,,
2940,8.10,,
2941,8.08,,
2942,7.91,,
2943,7.79,,
2944,7.94,,
2945,7.83,,
2946,7.69,,
2947,7.80,,
2948,7.83,,
2949,7.80,,
2950,7.77,,
2951,7.68,,
2952,7.65,,
2953,7.62,,
2954,7.56,,
2955,7.50,,
2956,7.46,,
2957,7.51,,
2958,7.52,,
2959,7.38,,
2960,7.48,,
2961,7.46,,
2962,7.44,,
2963,7.48,,
2964,7.55,,
2965,7.48,,
2966,7.79,,
2967,7.89,,
2968,7.73,,
2969,7.79,,
2970,7.80,,
2971,7.73,,
2972,7.68,,
2973,8.17,,
2974,7.85,,
2975,7.96,,
2976,8.17,,
2977,8.03,,
2978,8.41,,
2979,8.42,,
2980,8.43,,
2981,8.43,,
2982,8.66,,
2983,8.87,,
2984,9.02,,
2985,8.85,,
2986,9.10,,
2987,9.20,,
2988,9.17,,
2989,9.16,,
2990,9.59,,
2991,9.29,,
2992,9.56,,
2993,9.46,,
2994,9.50,,
2995,8.91,,
2996,9.28,,
2997,10.08,,
2998,10.25,,
2999,9.93,,
3000,10.06,,
3001,9.77,,
3002,9.93,,
3003,10.19,,
3004,10.44,,
3005,10.32,,
3006,10.40,,
3007,9.89,,
3008,10.27,,
3009,10.92,,
3010,10.16,,
3011,10.50,,
3012,10.40,,
3013,10.60,,
3014,10.78,,
3015,10.64,,
3016,11.01,,
3017,10.65,,
3018,10.76,,
3019,10.67,,
3020,11.09,,
3021,10.74,,
3022,11.17,,
3023,11.44,,
3024,11.03,,
3025,11.36,,
3026,11.50,,
3027,10.98,,
3028,11.63,,
3029,11.37,,
3030,11.61,,
3031,11.47,,
3032,11.03,,
3033,11.87,,
3034,11.24,,
3035,11.61,,
3036,11.56,,
3037,12.09,,
3038,11.80,,
3039,11.69,,
3040,11.67,,
3041,11.62,,
3042,11.72,,
3043,12.06,,
3044,11.84,,
3045,11.75,,
3046,11.82,,
3047,11.96,,
3048,11.80,,
3049,12.02,,
3050,12.06,,
3051,11.70,,
3052,12.01,,
3053,11.96,,
3054,12.03,,
3055,12.10,,
3056,11.93,,
3057,12.07,,
3058,12.07,,
3059,12.26,,
3060,12.10,,
3061,12.07,,
3062,11.94,,
3063,12.10,,
3064,12.29,,
3065,12.45,,
3066,12.50,,
3067,12.69,,
3068,12.57,,
3069,12.65,,
3070,12.56,,
3071,12.81,,
3072,12.86,,
3073,13.16,,
3074,13.09,,
3075,13.36,,
3076,13.28,,
3077,13.32,,
3078,13.39,,
3079,13.42,,
3080,13.65,,
3081,13.68,,
3082,13.76,,
3083,13.86,,
3084,14.33,,
3085,14.49,,
3086,14.57,,
3087,14.65,,
3088,14.81,,
3089,15.05,,
3090,15.26,,
3091,15.42,,
3092,15.45,,
3093,15.77,,
3094,15.92,,
3095,16.05,,
3096,16.31,,
3097,16.57,,
3098,16.70,,
3099,16.80,,
3100,16.54,,
3101,16.29,,
3102,17.34,,
3103,17.46,,
3104,16.96,,
3105,17.87,,
3106,17.15,,
3107,17.99,,
3108,18.46,,
3109,18.57,,
3110,18.66,,
3111,17.03,,
3112,17.22,,
3113,17.18,,
3114,17.00,,
3115,17.16,,
3116,17.32,,
3117,17.74,,
3118,17.52,,
3119,18.03,,
3120,18.40,,
3121,18.20,,
3122,18.26,,
3123,18.66,,
3124,18.29,,
3125,18.27,,
3126,18.34,,
3127,18.42,,
3128,17.96,,
3129,18.12,,
3130,18.17,,
3131,18.41,,
3132,17.89,,
3133,18.08,,
3134,18.31,,
3135,17.73,,
3136,18.12,,
3137,17.96,,
3138,17.21,,
3139,18.14,,
3140,18.06,,
3141,18.77,,
3142,18.12,,
3143,18.34,,
3144,18.41,,
3145,18.54,,
3146,18.34,,
3147,18.68,,
3148,17.80,,
3149,16.58,,
3150,17.74,,
3151,17.01,,
3152,18.32,,
3153,17.14,,
3154,17.31,,
3155,16.93,,
3156,17.25,,
3157,17.34,,
3158,17.22,,
3159,17.40,,
3160,17.63,,
3161,17.73,,
3162,17.76,,
3163,18.09,,
3164,18.19,,
3165,18.31,,
3166,18.52,,
3167,18.50,,
3168,18.67,,
3169,18.74,,
3170,18.83,,
3171,18.83,,
3172,19.15,,
3173,19.05,,
3174,19.23,,
3175,19.23,,
3176,19.21,,
3177,19.27,,
3178,19.30,,
3179,19.30,,
3180,19.25,,
3181,19.21,,
3182,19.28,,
3183,19.26,,
3184,19.37,,
3185,19.25,,
3186,19.16,,
3187,19.07,,
3188,19.31,,
3189,19.31,,
3190,19.15,,
3191,19.14,,
3192,18.95,,
3193,18.93,,
3194,18.94,,
3195,18.95,,
3196,18.93,,
3197,19.04,,
3198,18.91,,
3199,18.85,,
3200,18.90,,
3201,18.95,,
3202,18.83,,
3203,18.87,,
3204,18.94,,
3205,19.05,,
3206,18.98,,
3207,18.36,,
3208,17.99,,
3209,17.60,,
3210,17.40,,
3211,17.34,,
3212,17.27,,
3213,17.18,,
3214,17.12,,
3215,17.02,,
3216,16.97,,
3217,16.86,,
3218,16.76,,
3219,16.83,,
3220,16.76,,
3221,16.69,,
3222,16.74,,
3223,16.57,,
3224,16.57,,
3225,16.55,,
3226,16.47,,
3227,16.43,,
3228,16.37,,
3229,16.33,,
3230,16.22,,
3231,16.16,,
3232,15.82,,
3233,15.77,,
3234,15.70,,
3235,15.62,,
3236,15.48,,
3237,12.71,,
3238,12.35,,
3239,11.75,,
3240,11.95,,
3241,12.21,,
3242,12.54,,
3243,12.70,,
3244,12.91,,
3245,13.18,,
3246,13.26,,
3247,13.51,,
3248,13.37,,
3249,13.50,,
3250,13.50,,
3251,13.37,,
3252,13.36,,
3253,13.16,,
3254,13.30,,
3255,13.89,,
3256,14.14,,
3257,14.01,,
3258,13.85,,
3259,13.86,,
3260,13.68,,
3261,13.67,,
3262,13.46,,
3263,13.25,,
3264,13.10,,
3265,12.97,,
3266,12.67,,
3267,12.54,,
3268,12.39,,
3269,12.18,,
3270,12.01,,
3271,11.65,,
3272,11.40,,
3273,11.14,,
3274,10.98,,
3275,10.68,,
3276,10.50,,
3277,10.26,,
3278,10.09,,
3279,10.01,,
3280,9.86,,
3281,9.96,,
3282,9.67,,
3283,9.58,,
3284,9.56,,
3285,9.42,,
3286,9.41,,
3287,9.27,,
3288,9.15,,
3289,9.14,,
3290,8.94,,
3291,9.04,,
3292,8.90,,
3293,8.70,,
3294,8.64,,
3295,8.66,,
3296,8.65,,
3297,8.61,,
3298,8.58,,
3299,8.50,,
3300,8.50,,
3301,8.37,,
3302,8.44,,
3303,8.45,,
3304,8.31,,
3305,8.39,,
3306,8.34,,
3307,8.20,,
3308,8.16,,
3309,8.23,,
3310,8.20,,
3311,8.03,,
3312,7.99,,
3313,8.12,,
3314,8.17,,
3315,8.11,,
3316,8.15,,
3317,8.21,,
3318,8.20,,
3319,7.91,,
3320,7.94,,
3321,7.97,,
3322,7.89,,
3323,8.04,,
3324,7.78,,
3325,7.90,,
3326,7.96,,
3327,7.87,,
3328,7.99,,
3329,8.23,,
3330,7.94,,
3331,8.54,,
3332,8.44,,
3333,8.37,,
3334,8.22,,
3335,8.31,,
3336,8.18,,
3337,8.36,,
3338,8.47,,
3339,8.39,,
3340,8.32,,
3341,8.20,,
3342,8.31,,
3343,8.48,,
3344,8.21,,
3345,8.14,,
3346,8.45,,
3347,8.79,,
3348,9.41,,
3349,8.46,,
3350,8.57,,
3351,8.69,,
3352,8.64,,
3353,8.50,,
3354,8.53,,
3355,8.52,,
3356,8.50,,
3357,8.47,,
3358,8.44,,
3359,9.04,,
3360,9.13,,
3361,8.25,,
3362,8.49,,
3363,8.72,,
3364,9.24,,
3365,9.63,,
3366,9.60,,
3367,9.59,,
3368,8.70,,
3369,8.98,,
3370,9.90,,
3371,9.75,,
3372,9.61,,
3373,9.96,,
3374,9.73,,
3375,9.80,,
3376,10.37,,
3377,9.98,,
3378,10.10,,
3379,10.31,,
3380,9.84,,
3381,10.38,,
3382,10.30,,
3383,10.56,,
3384,12.24,,
3385,12.37,,
3386,12.11,,
3387,11.44,,
3388,10.38,,
3389,10.28,,
3390,10.41,,
3391,10.38,,
3392,10.71,,
3393,10.71,,
3394,10.64,,
3395,10.72,,
3396,10.73,,
3397,10.78,,
3398,10.82,,
3399,10.89,,
3400,10.91,,
3401,10.85,,
3402,11.16,,
3403,11.04,,
3404,11.13,,
3405,10.68,,
3406,11.01,,
3407,11.32,,
3408,11.43,,
3409,11.41,,
3410,11.46,,
3411,11.30,,
3412,11.22,,
3413,11.01,,
3414,10.87,,
3415,11.00,,
3416,10.63,,
3417,10.67,,
3418,10.69,,
3419,10.68,,
3420,10.98,,
3421,10.74,,
3422,10.91,,
3423,10.91,,
3424,10.97,,
3425,10.98,,
3426,11.08,,
3427,11.23,,
3428,11.22,,
3429,11.13,,
3430,11.27,,
3431,11.33,,
3432,11.38,,
3433,11.52,,
3434,11.45,,
3435,11.49,,
3436,11.63,,
3437,11.72,,
3438,11.74,,
3439,11.79,,
3440,11.80,,
3441,11.85,,
3442,11.83,,
3443,12.05,,
3444,12.13,,
3445,12.11,,
3446,12.19,,
3447,12.24,,
3448,12.28,,
3449,12.38,,
3450,12.28,,
3451,12.59,,
3452,12.42,,
3453,12.61,,
3454,12.78,,
3455,12.92,,
3456,12.83,,
3457,12.71,,
3458,12.68,,
3459,12.93,,
3460,13.24,,
3461,12.93,,
3462,13.09,,
3463,13.25,,
3464,13.48,,
3465,13.62,,
3466,13.52,,
3467,13.71,,
3468,13.86,,
3469,14.13,,
3470,14.11,,
3471,14.30,,
3472,14.56,,
3473,14.65,,
3474,14.79,,
3475,15.16,,
3476,14.19,,
3477,13.94,,
3478,14.18,,
3479,14.72,,
3480,15.26,,
3481,15.06,,
3482,15.28,,
3483,15.57,,
3484,15.97,,
3485,15.20,,
3486,16.41,,
3487,16.45,,
3488,16.57,,
3489,16.71,,
3490,16.78,,
3491,17.00,,
3492,17.00,,
3493,16.28,,
3494,15.96,,
3495,16.25,,
3496,16.41,,
3497,15.21,,
3498,14.01,,
3499,14.22,,
3500,14.42,,
3501,14.67,,
3502,14.91,,
3503,15.19,,
3504,15.35,,
3505,15.48,,
3506,15.75,,
3507,16.07,,
3508,16.20,,
3509,16.39,,
3510,16.56,,
3511,16.79,,
3512,16.89,,
3513,16.37,,
3514,16.72,,
3515,16.95,,
3516,17.27,,
3517,17.37,,
3518,17.17,,
3519,17.29,,
3520,17.49,,
3521,17.04,,
3522,17.16,,
3523,17.33,,
3524,17.58,,
3525,17.36,,
3526,17.26,,
3527,16.72,,
3528,16.60,,
3529,16.81,,
3530,16.87,,
3531,17.33,,
3578,16.99,,
3579,16.82,,
3580,17.03,,
3581,16.94,,
3582,16.88,,
3583,16.90,,
3584,16.86,,
3585,16.86,,
3586,16.84,,
3587,16.80,,
3588,16.95,,
3589,16.47,,
3590,16.26,,
3591,16.19,,
3592,16.16,,
3593,16.16,,
3594,16.14,,
3595,16.09,,
3596,15.99,,
3597,15.30,,
3598,15.28,,
3599,15.35,,
3600,15.23,,
3601,15.24,,
3602,14.74,,
3603,14.02,,
3604,13.87,,
3605,13.98,,
3606,13.84,,
3607,13.48,,
3608,13.68,,
3609,13.43,,
3610,13.55,,
3611,13.21,,
3612,13.00,,
3613,13.09,,
3614,12.89,,
3615,12.90,,
3616,13.04,,
3617,13.22,,
3618,13.23,,
3619,13.05,,
3620,13.00,,
3621,12.83,,
3622,12.65,,
3623,12.55,,
3624,12.41,,
3625,12.27,,
3626,12.15,,
3627,11.95,,
3628,11.63,,
3629,11.46,,
3630,11.23,,
3631,10.98,,
3632,10.80,,
3633,10.66,,
3634,10.46,,
3635,10.36,,
3636,10.30,,
3637,10.09,,
3638,9.99,,
3639,9.95,,
3640,9.95,,
3641,9.93,,
3642,9.87,,
3643,9.79,,
3644,9.84,,
3645,9.79,,
3646,9.74,,
3647,9.68,,
3648,9.58,,
3649,9.43,,
3650,9.44,,
3651,9.25,,
3652,9.18,,
3653,9.20,,
3654,9.27,,
3655,9.24,,
3656,9.32,,
3657,9.24,,
3658,9.11,,
3659,9.03,,
3660,9.09,,
3661,9.03,,
3662,8.98,,
3663,9.07,,
3664,9.01,,
3665,8.98,,
3666,9.02,,
3667,9.22,,
3668,9.18,,
3669,8.97,,
3670,9.03,,
3671,8.93,,
3672,9.01,,
3673,8.93,,
3674,8.97,,
3675,8.91,,
3676,8.79,,
3677,8.72,,
3678,8.61,,
3679,8.55,,
3680,8.51,,
3681,8.46,,
3682,8.38,,
3683,8.22,,
3684,8.32,,
3685,8.24,,
3686,8.21,,
3687,8.27,,
3688,8.23,,
3689,8.29,,
3690,8.26,,
3691,8.40,,
3692,8.45,,
3693,8.86,,
3694,9.05,,
3695,8.91,,
3696,9.03,,
3697,9.39,,
3698,9.44,,
3699,9.51,,
3700,9.55,,
3701,9.74,,
3702,9.76,,
3703,9.36,,
3704,9.19,,
3705,8.82,,
3706,9.56,,
3707,9.56,,
3708,9.16,,
3709,9.63,,
3710,9.46,,
3711,9.56,,
3712,9.82,,
3713,9.67,,
3714,9.39,,
3715,9.23,,
3716,9.61,,
3717,9.84,,
3718,9.76,,
3719,9.68,,
3720,9.10,,
3721,9.60,,
3722,9.60,,
3723,9.71,,
3724,9.49,,
3725,9.72,,
3726,9.83,,
3727,9.81,,
3728,9.90,,
3729,9.76,,
3730,10.06,,
3731,10.00,,
3732,10.03,,
3733,9.96,,
3734,10.08,,
3735,10.06,,
3736,9.87,,
3737,9.97,,
3738,10.52,,
3739,10.10,,
3740,10.19,,
3741,10.00,,
3742,9.81,,
3743,10.45,,
3744,10.54,,
3745,10.09,,
3746,10.47,,
3747,10.15,,
3748,10.34,,
3749,10.60,,
3750,10.40,,
3751,10.33,,
3752,10.27,,
3753,10.02,,
3754,10.26,,
3755,10.37,,
3756,10.81,,
3757,10.97,,
3758,11.21,,
3759,11.13,,
3760,11.40,,
3761,11.47,,
3762,11.26,,
3763,10.94,,
3764,11.27,,
3765,11.20,,
3766,11.36,,
3767,11.30,,
3768,11.43,,
3769,11.09,,
3770,10.58,,
3771,10.99,,
3772,11.66,,
3773,11.48,,
3774,11.28,,
3775,11.63,,
3776,11.35,,
3777,11.37,,
3778,11.44,,
3779,11.50,,
3780,11.35,,
3781,11.25,,
3782,11.29,,
3783,11.05,,
3784,11.77,,
3785,11.47,,
3786,11.39,,
3787,11.33,,
3788,11.40,,
3789,11.31,,
3790,11.51,,
3791,11.47,,
3792,11.41,,
3793,11.63,,
3794,11.28,,
3795,11.65,,
3796,11.76,,
3797,11.59,,
3798,11.85,,
3799,11.59,,
3800,11.86,,
3801,11.89,,
3802,11.79,,
3803,11.67,,
3804,11.51,,
3805,11.69,,
3806,11.65,,
3807,11.67,,
3808,11.78,,
3809,11.71,,
3810,11.74,,
3811,11.82,,
3812,11.82,,
3813,11.94,,
3814,12.10,,
3815,12.21,,
3816,12.32,,
3817,12.30,,
3818,12.32,,
3819,12.41,,
3820,12.54,,
3821,12.51,,
3822,12.48,,
3823,12.69,,
3824,12.80,,
3825,12.68,,
3826,12.72,,
3827,12.77,,
3828,12.90,,
3829,13.01,,
3830,12.95,,
3831,13.02,,
3832,13.05,,
3833,13.19,,
3834,13.23,,
3835,13.28,,
3836,13.39,,
3837,13.35,,
3838,13.48,,
3839,13.61,,
3840,13.72,,
3841,13.75,,
3842,13.87,,
3843,13.94,,
3844,14.01,,
3845,14.12,,
3846,14.29,,
3847,14.56,,
3848,14.53,,
3849,14.63,,
3850,14.51,,
3851,14.98,,
3852,14.98,,
3853,15.10,,
3854,15.29,,
3855,15.08,,
3856,15.14,,
3857,15.17,,
3858,15.35,,
3859,15.48,,
3860,15.16,,
3861,15.45,,
3862,15.58,,
3863,15.64,,
3864,15.76,,
3865,16.00,,
3866,16.54,,
3867,15.95,,
3868,15.55,,
3869,16.13,,
3870,15.96,,
3871,14.97,,
3872,14.77,,
3873,14.25,,
3874,16.12,,
3875,15.31,,
3876,14.07,,
3877,14.10,,
3878,14.25,,
3879,14.33,,
3880,14.02,,
3881,14.13,,
3882,14.15,,
3883,14.01,,
3884,14.51,,
3885,14.68,,
3886,14.74,,
3887,14.85,,
3888,14.93,,
3889,14.58,,
3890,14.36,,
3891,15.07,,
3892,14.84,,
3893,15.19,,
3894,15.32,,
3895,15.37,,
3896,15.36,,
3897,14.74,,
3898,14.71,,
3899,14.86,,
3900,15.07,,
3901,14.89,,
3902,15.06,,
3903,14.93,,
3904,15.05,,
3905,15.46,,
3906,15.10,,
3907,15.44,,
3908,15.52,,
3909,15.58,,
3910,15.55,,
3911,15.58,,
3912,15.43,,
3913,15.47,,
3914,15.19,,
3915,15.26,,
3916,15.25,,
3917,15.18,,
3918,15.27,,
3919,15.22,,
3920,15.33,,
3921,15.43,,
3922,15.40,,
3923,15.49,,
3924,15.44,,
3925,15.39,,
3926,15.40,,
3927,15.47,,
3928,15.50,,
3929,15.69,,
3930,15.73,,
3931,15.79,,
3932,15.82,,
3933,15.88,,
3934,15.86,,
3935,16.06,,
3936,15.98,,
3937,15.94,,
3938,16.02,,
3939,16.05,,
3940,16.06,,
3941,16.16,,
3942,16.11,,
3943,16.18,,
3944,16.23,,
3945,16.24,,
3946,16.25,,
3947,15.10,,
3948,15.64,,
3949,15.72,,
3950,15.50,,
3951,15.77,,
3952,15.36,,
3953,15.22,,
3954,15.19,,
3955,15.24,,
3956,15.14,,
3957,15.32,,
3958,15.28,,
3959,15.30,,
3960,15.23,,
3961,15.25,,
3962,15.33,,
3963,15.06,,
3964,15.02,,
3965,15.21,,
3966,15.11,,
3967,15.09,,
3968,15.10,,
3969,15.00,,
3970,14.78,,
3971,14.77,,
3972,14.60,,
3973,14.21,,
3974,14.16,,
3975,14.00,,
3976,13.86,,
3977,13.68,,
3978,13.63,,
3979,13.37,,
3980,13.09,,
3981,13.12,,
3982,12.84,,
3983,12.50,,
3984,12.14,,
3985,12.16,,
3986,11.81,,
3987,11.78,,
3988,11.73,,
3989,11.60,,
3990,11.36,,
3991,11.20,,
3992,11.18,,
3993,11.29,,
3994,11.25,,
3995,11.05,,
3996,10.89,,
3997,10.73,,
3998,10.64,,
3999,10.74,,
4000,10.51,,
4001,10.40,,
4002,10.52,,
4003,10.75,,
4004,10.58,,
4005,10.14,,
4006,10.12,,
4007,10.04,,
4008,9.81,,
4009,9.57,,
4010,9.35,,
4011,9.31,,
4012,9.28,,
4013,9.35,,
4014,9.33,,
4015,9.28,,
4016,9.34,,
4017,9.39,,
4018,9.21,,
4019,8.97,,
4020,8.62,,
4021,8.28,,
4022,8.10,,
4023,8.01,,
4024,7.95,,
4025,8.02,,
4026,7.91,,
4027,7.87,,
4028,7.83,,
4029,7.49,,
4030,7.37,,
4031,7.27,,
4032,7.20,,
4033,7.15,,
4034,7.11,,
4035,7.17,,
4036,7.20,,
4037,7.20,,
4038,7.27,,
4039,7.32,,
4040,7.35,,
4041,7.35,,
4042,7.32,,
4043,7.32,,
4044,7.25,,
4045,7.25,,
4046,7.25,,
4047,7.24,,
4048,7.24,,
4049,7.31,,
4050,7.38,,
4051,7.46,,
4052,7.34,,
4053,7.33,,
4054,7.29,,
4055,7.43,,
4056,7.40,,
4057,7.55,,
4058,7.59,,
4059,7.55,,
4060,7.48,,
4061,7.43,,
4062,7.47,,
4063,7.40,,
4064,7.45,,
4065,7.51,,
4066,7.71,,
4067,7.84,,
4068,7.80,,
4069,7.75,,
4070,7.51,,
4071,7.59,,
4072,7.42,,
4073,7.25,,
4074,7.35,,
4075,7.52,,
4076,7.53,,
4077,7.43,,
4078,7.80,,
4079,7.79,,
4080,7.99,,
4081,8.26,,
4082,8.41,,
4083,8.44,,
4084,8.16,,
4085,7.85,,
4086,8.05,,
4087,7.97,,
4088,8.12,,
4089,8.24,,
4090,8.41,,
4091,8.64,,
4092,8.65,,
4093,8.47,,
4094,8.95,,
4095,8.58,,
4096,8.79,,
4097,8.90,,
4098,8.69,,
4099,8.66,,
4100,8.57,,
4101,8.53,,
4102,8.68,,
4103,8.69,,
4104,8.60,,
4105,8.66,,
4106,8.95,,
4107,9.17,,
4108,9.43,,
4109,9.88,,
4110,9.60,,
4111,10.20,,
4112,10.07,,
4113,10.08,,
4114,9.95,,
4115,9.34,,
4116,10.62,,
4117,10.36,,
4118,9.79,,
4119,9.74,,
4120,9.79,,
4121,9.23,,
4122,10.44,,
4123,10.45,,
4124,10.63,,
4125,9.95,,
4126,9.91,,
4127,10.60,,
4128,10.14,,
4129,9.99,,
4130,11.10,,
4131,10.40,,
4132,10.28,,
4133,9.92,,
4134,11.12,,
4135,11.12,,
4136,9.98,,
4137,11.43,,
4138,11.81,,
4139,11.38,,
4140,11.32,,
4141,11.25,,
4142,11.69,,
4143,11.88,,
4144,11.30,,
4145,10.67,,
4146,10.73,,
4147,11.92,,
4148,11.71,,
4149,11.06,,
4150,11.33,,
4151,11.48,,
4152,10.84,,
4153,11.42,,
4154,11.61,,
4155,10.92,,
4156,11.64,,
4157,11.57,,
4158,11.34,,
4159,11.15,,
4160,11.25,,
4161,11.34,,
4162,11.57,,
4163,11.15,,
4164,11.05,,
4165,10.80,,
4166,10.83,,
4167,10.84,,
4168,10.58,,
4169,10.82,,
4170,10.78,,
4171,11.32,,
4172,11.58,,
4173,11.54,,
4174,11.66,,
4175,11.33,,
4176,11.88,,
4177,11.89,,
4178,12.20,,
4179,12.06,,
4180,12.04,,
4181,12.59,,
4182,12.49,,
4183,12.58,,
4184,12.92,,
4185,13.24,,
4186,13.31,,
4187,13.24,,
4188,13.64,,
4189,13.84,,
4190,14.04,,
4191,13.88,,
4192,13.67,,
4193,13.47,,
4194,13.07,,
4195,13.17,,
4196,13.10,,
4197,13.48,,
4198,13.91,,
4199,14.16,,
4200,13.70,,
4201,12.45,,
4202,12.46,,
4203,12.61,,
4204,13.49,,
4205,13.48,,
4206,13.30,,
4207,12.90,,
4208,12.71,,
4209,12.79,,
4210,12.88,,
4211,12.94,,
4212,12.99,,
4213,12.95,,
4214,13.02,,
4215,13.10,,
4216,13.11,,
4217,13.16,,
4218,13.22,,
4219,13.18,,
4220,13.33,,
4221,13.40,,
4222,13.49,,
4223,13.49,,
4224,13.58,,
4225,13.56,,
4226,13.66,,
4227,13.72,,
4228,13.82,,
4229,13.84,,
4230,13.87,,
4231,13.44,,
4232,13.33,,
4233,13.35,,
4234,13.68,,
4235,13.84,,
4236,13.78,,
4237,13.98,,
4238,13.76,,
4239,12.88,,
4240,12.61,,
4241,13.93,,
4242,14.09,,
4243,14.11,,
4244,14.23,,
4245,14.21,,
4246,14.30,,
4247,14.37,,
4248,14.42,,
4249,14.33,,
4250,14.48,,
4251,14.58,,
4252,14.65,,
4253,14.63,,
4254,14.64,,
4255,14.55,,
4256,14.79,,
4257,14.82,,
4258,14.98,,
4259,15.04,,
4260,15.02,,
4261,15.07,,
4262,15.14,,
4263,15.22,,
4264,15.25,,
4265,15.28,,
4266,15.41,,
4267,15.50,,
4268,15.54,,
4269,15.57,,
4270,15.72,,
4271,15.75,,
4272,15.71,,
4273,15.56,,
4274,15.55,,
4275,14.76,,
4276,14.43,,
4277,14.47,,
4278,14.59,,
4279,14.67,,
4280,14.80,,
4281,14.87,,
4282,14.92,,
4283,14.99,,
4284,15.02,,
4285,15.10,,
4286,15.12,,
4287,15.21,,
4288,15.29,,
4289,15.35,,
4290,15.35,,
4291,15.45,,
4292,15.45,,
4293,15.50,,
4294,15.55,,
4295,15.59,,
4296,15.78,,
4297,15.09,,
4298,15.92,,
4299,15.99,,
4300,16.04,,
4301,16.00,,
4302,16.13,,
4303,16.13,,
4304,16.26,,
4305,15.97,,
4306,15.83,,
4307,15.86,,
4308,15.91,,
4309,16.00,,
4310,16.13,,
4311,16.18,,
4312,16.18,,
4313,16.27,,
4314,16.23,,
4315,16.31,,
4316,16.31,,
4317,16.20,,
4318,16.23,,
4319,16.24,,
4320,15.27,,
4321,15.26,,
4322,15.26,,
4323,15.33,,
4324,15.14,,
4325,15.04,,
4326,15.14,,
4327,14.94,,
4328,15.13,,
4329,14.99,,
4330,15.06,,
4331,15.01,,
4332,14.90,,
4333,14.77,,
4334,14.71,,
4335,14.71,,
4336,14.65,,
4337,14.87,,
4338,14.28,,
4339,14.11,,
4340,14.17,,
4341,14.22,,
4342,14.11,,
4343,14.04,,
4344,14.11,,
4345,13.91,,
4346,13.91,,
4347,13.77,,
4348,13.76,,
4349,13.51,,
4350,13.55,,
4351,13.48,,
4352,13.56,,
4353,13.58,,
4354,13.29,,
4355,13.19,,
4356,12.93,,
4357,12.69,,
4358,12.47,,
4359,12.31,,
4360,12.11,,
4361,12.03,,
4362,11.88,,
4363,11.66,,
4364,11.56,,
4365,11.40,,
4366,11.23,,
4367,11.14,,
4368,10.94,,
4369,10.96,,
4370,10.84,,
4371,10.65,,
4372,10.64,,
4373,10.65,,
4374,10.58,,
4375,10.34,,
4376,10.27,,
4377,10.11,,
4378,9.98,,
4379,9.78,,
4380,9.74,,
4381,9.56,,
4382,9.44,,
4383,9.45,,
4384,9.46,,
4385,9.32,,
4386,9.22,,
4387,9.14,,
4388,9.16,,
4389,9.08,,
4390,9.25,,
4391,9.06,,
4392,9.05,,
4393,8.92,,
4394,8.85,,
4395,8.89,,
4396,8.88,,
4397,8.83,,
4398,8.53,,
4399,8.72,,
4400,8.70,,
4401,8.54,,
4402,8.48,,
4403,8.39,,
4404,8.49,,
4405,8.51,,
4406,8.51,,
4407,8.41,,
4408,8.30,,
4409,8.17,,
4410,8.23,,
4411,8.22,,
4412,8.33,,
4413,8.21,,
4414,8.19,,
4415,8.25,,
4416,8.21,,
4417,8.28,,
4418,8.33,,
4419,8.26,,
4420,8.27,,
4421,8.28,,
4422,8.25,,
4423,8.36,,
4424,8.20,,
4425,8.27,,
4426,8.29,,
4427,8.20,,
4428,8.34,,
4429,8.54,,
4430,9.12,,
4431,9.19,,
4432,9.21,,
4433,9.21,,
4434,9.23,,
4435,9.25,,
4436,9.35,,
4437,9.74,,
4438,9.39,,
4439,9.49,,
4440,9.35,,
4441,9.35,,
4442,9.10,,
4443,9.11,,
4444,9.21,,
4445,9.35,,
4446,9.60,,
4447,9.73,,
4448,9.68,,
4449,9.73,,
4450,9.81,,
4451,9.77,,
4452,9.86,,
4453,9.74,,
4454,9.59,,
4455,9.78,,
4456,9.74,,
4457,9.91,,
4458,10.05,,
4459,9.85,,
4460,9.91,,
4461,9.65,,
4462,9.57,,
4463,9.49,,
4464,9.34,,
4465,9.03,,
4466,9.17,,
4467,9.29,,
4468,9.32,,
4469,9.11,,
4470,9.13,,
4471,9.44,,
4472,9.52,,
4473,10.07,,
4474,9.29,,
4475,10.12,,
4476,10.25,,
4477,9.99,,
4478,10.13,,
4479,10.35,,
4480,10.50,,
4481,10.52,,
4482,10.47,,
4483,10.40,,
4484,10.41,,
4485,9.92,,
4486,9.83,,
4487,10.33,,
4488,10.66,,
4489,10.36,,
4490,10.13,,
4491,10.25,,
4492,10.25,,
4493,10.59,,
4494,10.27,,
4495,10.24,,
4496,10.25,,
4497,10.33,,
4498,10.54,,
4499,10.37,,
4500,10.28,,
4501,11.23,,
4502,11.41,,
4503,11.27,,
4504,11.11,,
4505,11.39,,
4506,11.40,,
4507,11.46,,
4508,11.48,,
4509,11.64,,
4510,11.39,,
4511,11.29,,
4512,11.21,,
4513,11.06,,
4514,11.12,,
4515,11.12,,
4516,11.16,,
4517,11.19,,
4518,11.42,,
4519,11.33,,
4520,11.41,,
4521,11.44,,
4522,11.48,,
4523,11.45,,
4524,11.53,,
4525,11.68,,
4526,11.74,,
4527,11.65,,
4528,11.71,,
4529,11.73,,
4530,11.82,,
4531,11.83,,
4532,11.75,,
4533,12.02,,
4534,11.88,,
4535,11.92,,
4536,11.97,,
4537,12.07,,
4538,12.09,,
4539,12.04,,
4540,12.26,,
4541,12.14,,
4542,12.24,,
4543,12.35,,
4544,12.73,,
4545,12.64,,
4546,12.60,,
4547,12.63,,
4548,12.86,,
4549,12.80,,
4550,12.92,,
4551,12.85,,
4552,13.03,,
4553,13.17,,
4554,13.25,,
4555,13.37,,
4556,13.43,,
4557,13.72,,
4558,13.72,,
4559,14.00,,
4560,13.96,,
4561,14.38,,
4562,14.29,,
4563,14.39,,
4564,14.59,,
4565,14.72,,
4566,14.84,,
4567,14.98,,
4568,15.20,,
4569,15.29,,
4570,15.42,,
4571,15.70,,
4572,15.73,,
4573,15.24,,
4574,15.30,,
4575,15.56,,
4576,15.61,,
4577,15.76,,
4578,15.65,,
4579,16.09,,
4580,15.87,,
4581,15.63,,
4582,16.31,,
4583,16.38,,
4584,16.13,,
4585,16.04,,
4586,15.74,,
4587,16.05,,
4588,17.66,,
4589,15.99,,
4590,15.86,,
4591,14.12,,
4592,13.46,,
4593,13.57,,
4594,13.77,,
4595,13.95,,
4596,14.15,,
4597,14.34,,
4598,14.48,,
4599,14.67,,
4600,14.88,,
4601,15.09,,
4602,15.33,,
4603,15.50,,
4604,15.00,,
4605,14.31,,
4606,14.97,,
4607,14.92,,
4608,15.42,,
4609,16.03,,
4610,16.22,,
4611,16.40,,
4612,16.45,,
4613,16.20,,
4614,16.37,,
4615,16.28,,
4616,16.13,,
4617,16.00,,
4618,15.93,,
4619,16.16,,
4620,16.09,,
4621,16.22,,
4622,16.31,,
4623,15.49,,
4624,16.01,,
4625,16.11,,
4626,16.23,,
4627,16.00,,
4628,16.05,,
4629,16.18,,
4630,16.25,,
4631,16.26,,
4632,16.21,,
4633,16.07,,
4634,16.21,,
4635,16.17,,
4636,16.02,,
4637,16.14,,
4638,16.13,,
4639,16.27,,
4640,13.80,,
4641,14.16,,
4642,15.42,,
4643,15.55,,
4644,14.84,,
4645,15.49,,
4646,15.64,,
4647,15.72,,
4648,15.96,,
4649,15.67,,
4650,15.79,,
4651,16.01,,
4652,16.30,,
4653,15.65,,
4654,16.26,,
4655,15.41,,
4656,15.56,,
4657,15.72,,
4658,15.78,,
4659,15.57,,
4660,16.18,,
4661,15.91,,
4662,16.21,,
4663,15.99,,
4664,16.18,,
4665,16.18,,
4666,16.43,,
4667,16.54,,
4668,16.64,,
4669,17.09,,
4670,16.87,,
4671,16.51,,
4672,16.58,,
4673,16.38,,
4674,16.05,,
4675,15.94,,
4676,15.64,,
4677,15.67,,
4678,15.67,,
4679,15.19,,
4680,15.08,,
4681,15.16,,
4682,15.37,,
4683,15.41,,
4684,15.37,,
4685,15.43,,
4686,15.36,,
4687,15.32,,
4688,15.31,,
4689,15.51,,
4690,15.50,,
4691,15.48,,
4692,15.50,,
4693,15.57,,
4694,15.61,,
4695,15.48,,
4696,15.45,,
4697,15.49,,
4698,15.40,,
4699,15.05,,
4700,14.57,,
4701,14.42,,
4702,14.25,,
4703,14.33,,
4704,14.18,,
4705,14.18,,
4706,14.31,,
4707,14.18,,
4708,14.34,,
4709,14.44,,
4710,14.41,,
4711,14.40,,
4712,14.35,,
4713,14.37,,
4714,14.27,,
4715,14.13,,
4716,13.97,,
4717,13.77,,
4718,13.72,,
4719,13.27,,
4720,12.49,,
4721,12.41,,
4722,11.91,,
4723,11.67,,
4724,11.47,,
4725,11.41,,
4726,11.38,,
4727,11.28,,
4728,11.22,,
4729,11.13,,
4730,10.95,,
4731,10.96,,
4732,10.83,,
4733,10.74,,
4734,10.62,,
4735,10.31,,
4736,10.15,,
4737,10.05,,
4738,10.03,,
4739,9.93,,
4740,9.82,,
4741,9.70,,
4742,9.70,,
4743,9.55,,
4744,9.28,,
4745,9.24,,
4746,9.16,,
4747,9.13,,
4748,9.06,,
4749,8.95,,
4750,8.84,,
4751,8.72,,
4752,8.58,,
4753,8.29,,
4754,8.18,,
4755,8.04,,
4756,7.92,,
4757,7.90,,
4758,7.83,,
4759,7.79,,
4760,7.83,,
4761,7.76,,
4762,7.75,,
4763,7.73,,
4764,7.73,,
4765,7.80,,
4766,7.65,,
4767,7.53,,
4768,7.44,,
4769,7.32,,
4770,7.24,,
4771,7.17,,
4772,7.07,,
4773,7.02,,
4774,7.01,,
4775,6.91,,
4776,7.04,,
4777,7.01,,
4778,7.02,,
4779,6.99,,
4780,7.08,,
4781,7.66,,
4782,7.98,,
4783,7.94,,
4784,7.94,,
4785,7.75,,
4786,7.93,,
4787,7.63,,
4788,7.83,,
4789,8.00,,
4790,7.99,,
4791,7.83,,
4792,8.01,,
4793,8.00,,
4794,7.94,,
4795,7.98,,
4796,7.99,,
4797,8.01,,
4798,7.83,,
4799,7.51,,
4800,8.07,,
4801,8.08,,
4802,8.06,,
4803,7.91,,
4804,8.15,,
4805,8.21,,
4806,8.29,,
4807,8.27,,
4808,8.32,,
4809,8.32,,
4810,8.35,,
4811,8.19,,
4812,8.22,,
4813,8.20,,
4814,8.11,,
4815,8.74,,
4816,8.85,,
4817,8.67,,
4818,8.82,,
4819,8.83,,
4820,8.84,,
4821,8.86,,
4822,8.85,,
4823,8.83,,
4824,8.86,,
4825,8.88,,
4826,8.95,,
4827,8.89,,
4828,8.97,,
4829,9.03,,
4830,9.18,,
4831,9.15,,
4832,9.41,,
4833,9.18,,
4834,9.31,,
4835,9.34,,
4836,9.36,,
4837,9.24,,
4838,9.23,,
4839,9.33,,
4840,9.40,,
4841,9.26,,
4842,9.34,,
4843,9.32,,
4844,9.44,,
4845,9.41,,
4846,9.27,,
4847,10.56,,
4848,10.25,,
4849,10.07,,
4850,10.03,,
4851,10.02,,
4852,10.05,,
4853,10.01,,
4854,10.53,,
4855,11.12,,
4856,11.22,,
4857,11.20,,
4858,11.35,,
4859,11.57,,
4860,11.60,,
4861,11.70,,
4862,11.77,,
4863,11.74,,
4864,11.47,,
4865,11.68,,
4866,11.81,,
4867,12.06,,
4868,12.23,,
4869,12.27,,
4870,12.16,,
4871,13.51,,
4872,13.73,,
4873,13.69,,
4874,13.61,,
4875,14.07,,
4876,13.65,,
4877,13.57,,
4878,13.72,,
4879,13.88,,
4880,13.99,,
4881,13.98,,
4882,14.04,,
4883,14.00,,
4884,13.98,,
4885,13.97,,
4886,14.04,,
4887,14.19,,
4888,14.47,,
4889,14.36,,
4890,14.17,,
4891,14.55,,
4892,14.41,,
4893,14.37,,
4894,14.37,,
4895,14.41,,
4896,14.31,,
4897,14.57,,
4898,14.53,,
4899,14.36,,
4900,14.74,,
4901,14.43,,
4902,13.35,,
4903,14.26,,
4904,14.11,,
4905,14.11,,
4906,14.05,,
4907,14.70,,
4908,14.74,,
4909,14.38,,
4910,15.49,,
4911,15.84,,
4912,15.69,,
4913,16.04,,
4914,16.22,,
4915,16.05,,
4916,15.89,,
4917,15.90,,
4918,15.72,,
4919,16.49,,
4920,16.51,,
4921,16.60,,
4922,16.70,,
4923,16.41,,
4924,16.57,,
4925,16.58,,
4926,16.75,,
4927,17.00,,
4928,17.19,,
4929,17.33,,
4930,17.14,,
4931,17.55,,
4932,15.57,,
4933,13.27,,
4934,13.48,,
4935,13.71,,
4936,13.72,,
4937,13.90,,
4938,14.00,,
4939,14.00,,
4940,14.19,,
4941,14.34,,
4942,14.44,,
4943,14.63,,
4944,14.77,,
4945,14.91,,
4946,15.07,,
4947,15.27,,
4948,15.41,,
4949,15.55,,
4950,15.72,,
4951,15.86,,
4952,16.00,,
4953,16.11,,
4954,16.32,,
4955,15.39,,
4956,15.86,,
4957,16.11,,
4958,16.21,,
4959,16.43,,
4960,16.46,,
4961,16.74,,
4962,16.95,,
4963,16.92,,
4964,16.98,,
4965,17.04,,
4966,17.21,,
4967,17.22,,
4968,17.21,,
4969,16.92,,
4970,17.38,,
4971,17.20,,
4972,17.45,,
4973,17.55,,
4974,17.81,,
4975,17.33,,
4976,17.70,,
4977,17.50,,
4978,17.38,,
4979,17.67,,
4980,17.18,,
4981,16.55,,
4982,17.37,,
4983,17.55,,
4984,17.76,,
4985,17.69,,
4986,17.91,,
4987,17.78,,
4988,17.73,,
4989,16.97,,
4990,16.89,,
4991,16.95,,
4992,17.02,,
4993,17.20,,
4994,17.31,,
4995,17.41,,
4996,17.58,,
4997,17.71,,
4998,17.03,,
4999,17.08,,
5000,17.36,,
5001,17.27,,
5002,18.08,,
5003,17.66,,
5004,17.38,,
5005,17.77,,
5006,17.48,,
5007,17.54,,
5008,17.35,,
5009,17.66,,
5010,17.91,,
5011,17.69,,
5012,17.43,,
5013,17.27,,
5014,17.62,,
5015,17.42,,
5016,17.84,,
5017,18.08,,
5018,18.25,,
5019,18.15,,
5020,17.99,,
5021,17.70,,
5022,18.08,,
5023,17.80,,
5024,17.43,,
5025,17.51,,
5026,17.68,,
5027,17.40,,
5028,17.66,,
5029,17.04,,
5030,17.42,,
5031,17.40,,
5032,17.38,,
5033,17.47,,
5034,17.14,,
5035,17.07,,
5036,17.23,,
5037,17.19,,
5038,17.03,,
5039,17.03,,
5040,16.72,,
5041,16.69,,
5042,16.74,,
5043,16.78,,
5044,16.61,,
5045,16.59,,
5046,16.44,,
5047,16.35,,
5048,16.32,,
5049,15.84,,
5050,15.80,,
5051,15.88,,
5052,15.56,,
5053,15.58,,
5054,15.61,,
5055,15.13,,
5056,14.13,,
5057,13.60,,
5058,13.69,,
5059,13.99,,
5060,13.83,,
5061,13.91,,
5062,13.81,,
5063,14.05,,
5064,13.54,,
5065,13.69,,
5066,13.46,,
5067,13.84,,
5068,13.88,,
5069,13.87,,
5070,14.26,,
5071,14.05,,
5072,13.97,,
5073,13.93,,
5074,14.12,,
5075,14.15,,
5076,14.11,,
5077,14.00,,
5078,13.86,,
5079,13.67,,
5080,13.92,,
5081,13.89,,
5082,13.87,,
5083,13.72,,
5084,13.66,,
5085,13.54,,
5086,13.34,,
5087,13.12,,
5088,12.89,,
5089,12.54,,
5090,12.19,,
5091,11.91,,
5092,11.63,,
5093,11.40,,
5094,11.28,,
5095,11.11,,
5096,11.00,,
5097,10.86,,
5098,10.73,,
5099,10.62,,
5100,10.54,,
5101,10.37,,
5102,10.25,,
5103,10.27,,
5104,10.16,,
5105,10.08,,
5106,9.97,,
5107,9.94,,
5108,9.87,,
5109,9.85,,
5110,9.79,,
5111,9.73,,
5112,9.60,,
5113,9.56,,
5114,9.47,,
5115,9.39,,
5116,9.44,,
5117,9.31,,
5118,9.30,,
5119,9.40,,
5120,9.30,,
5121,9.29,,
5122,9.19,,
5123,9.14,,
5124,9.13,,
5125,9.13,,
5126,9.21,,
5127,9.22,,
5128,9.12,,
5129,9.06,,
5130,9.06,,
5131,9.03,,
5132,8.92,,
5133,8.93,,
5134,8.94,,
5135,8.96,,
5136,8.91,,
5137,8.81,,
5138,8.87,,
5139,8.97,,
5140,8.89,,
5141,8.91,,
5142,8.83,,
5143,8.80,,
5144,8.91,,
5145,8.88,,
5146,9.00,,
5147,8.81,,
5148,8.84,,
5149,8.81,,
5150,8.81,,
5151,8.91,,
5152,8.65,,
5153,8.85,,
5154,10.18,,
5155,9.19,,
5156,8.82,,
5157,9.00,,
5158,9.27,,
5159,9.25,,
5160,9.15,,
5161,9.31,,
5162,9.62,,
5163,9.62,,
5164,9.75,,
5165,9.71,,
5166,9.89,,
5167,9.75,,
5168,9.87,,
5169,9.80,,
5170,9.86,,
5171,9.61,,
5172,9.69,,
5173,10.28,,
5174,10.09,,
5175,10.27,,
5176,10.14,,
5177,10.19,,
5178,10.08,,
5179,9.99,,
5180,10.32,,
5181,10.22,,
5182,10.26,,
5183,10.12,,
5184,10.96,,
5185,11.26,,
5186,10.74,,
5187,10.59,,
5188,11.69,,
5189,11.66,,
5190,11.08,,
5191,11.58,,
5192,11.66,,
5193,11.61,,
5194,11.51,,
5195,11.45,,
5196,11.85,,
5197,12.04,,
5198,11.83,,
5199,11.22,,
5200,11.23,,
5201,11.90,,
5202,11.49,,
5203,11.96,,
5204,11.22,,
5205,11.25,,
5206,11.42,,
5207,11.52,,
5208,11.30,,
5209,11.61,,
5210,11.36,,
5211,11.63,,
5212,11.20,,
5213,11.41,,
5214,11.42,,
5215,11.17,,
5216,11.40,,
5217,11.41,,
5218,11.34,,
5219,11.36,,
5220,11.28,,
5221,11.23,,
5222,11.47,,
5223,11.58,,
5224,11.40,,
5225,11.41,,
5226,11.52,,
5227,11.67,,
5228,11.61,,
5229,11.68,,
5230,11.50,,
5231,11.73,,
5232,11.94,,
5233,11.71,,
5234,11.80,,
5235,11.79,,
5236,11.78,,
5237,12.06,,
5238,11.88,,
5239,11.95,,
5240,12.02,,
5241,12.06,,
5242,11.89,,
5243,12.26,,
5244,12.46,,
5245,12.40,,
5246,12.39,,
5247,12.49,,
5248,12.55,,
5249,12.51,,
5250,12.54,,
5251,12.64,,
5252,12.56,,
5253,12.48,,
5254,13.04,,
5255,12.83,,
5256,12.86,,
5257,13.07,,
5258,13.00,,
5259,13.11,,
5260,13.16,,
5261,13.33,,
5262,13.45,,
5263,13.49,,
5264,13.56,,
5265,13.66,,
5266,13.75,,
5267,13.80,,
5268,14.02,,
5269,14.15,,
5270,14.05,,
5271,14.22,,
5272,14.33,,
5273,14.36,,
5274,14.61,,
5275,14.64,,
5276,14.62,,
5277,14.76,,
5278,15.12,,
5279,15.23,,
5280,15.16,,
5281,15.18,,
5282,15.41,,
5283,15.62,,
5284,15.71,,
5285,15.81,,
5286,15.92,,
5287,15.98,,
5288,16.15,,
5289,16.30,,
5290,16.13,,
5291,16.66,,
5292,16.74,,
5293,16.94,,
5294,16.94,,
5295,16.44,,
5296,15.66,,
5297,16.72,,
5298,16.83,,
5299,17.05,,
5300,17.25,,
5301,16.94,,
5302,17.01,,
5303,15.52,,
5304,15.28,,
5305,15.06,,
5306,16.35,,
5307,16.85,,
5308,17.30,,
5309,17.48,,
5310,16.85,,
5311,17.44,,
5312,17.44,,
5313,17.77,,
5314,17.83,,
5315,17.66,,
5316,17.94,,
5317,18.11,,
5318,17.66,,
5319,17.52,,
5320,17.60,,
5321,17.64,,
5322,17.75,,
5323,17.77,,
5324,17.64,,
5325,16.83,,
5326,16.99,,
5327,16.88,,
5328,17.03,,
5329,17.11,,
5330,17.17,,
5331,17.29,,
5332,17.28,,
5333,17.32,,
5334,17.25,,
5335,17.27,,
5336,17.18,,
5337,17.39,,
5338,17.56,,
5339,17.74,,
5340,17.43,,
5341,17.60,,
5342,17.63,,
5343,17.47,,
5344,17.44,,
5345,17.80,,
5346,17.45,,
5347,17.11,,
5348,16.82,,
5349,17.46,,
5350,17.66,,
5351,18.13,,
5352,18.13,,
5353,17.44,,
5354,17.49,,
5355,17.44,,
5356,17.56,,
5357,17.65,,
5358,17.54,,
5359,17.53,,
5360,17.61,,
5361,17.64,,
5362,17.89,,
5363,17.93,,
5364,17.65,,
5365,18.05,,
5366,17.92,,
5367,17.71,,
5368,18.00,,
5369,17.91,,
5370,18.15,,
5371,17.75,,
5372,18.02,,
5373,18.10,,
5374,17.88,,
5375,17.92,,
5376,18.26,,
5377,18.17,,
5378,18.51,,
5379,18.63,,
5380,18.49,,
5381,18.75,,
5382,18.57,,
5383,18.62,,
5384,18.74,,
5385,18.53,,
5386,18.68,,
5387,18.81,,
5388,18.85,,
5389,18.41,,
5390,18.22,,
5391,18.55,,
5392,18.55,,
5393,18.76,,
5394,18.24,,
5395,18.50,,
5396,18.52,,
5397,18.69,,
5398,18.56,,
5399,18.38,,
5400,18.41,,
5401,18.38,,
5402,18.52,,
5403,18.47,,
5404,18.30,,
5405,18.15,,
5406,18.05,,
5407,17.58,,
5408,17.21,,
5409,15.56,,
5410,16.39,,
5411,15.30,,
5412,14.78,,
5413,15.21,,
5414,15.56,,
5415,15.24,,
5416,14.83,,
5417,14.64,,
5418,13.99,,
5419,14.18,,
5420,15.79,,
5421,14.95,,
5422,14.81,,
5423,15.02,,
5424,15.04,,
5425,14.93,,
5426,15.29,,
5427,13.82,,
5428,15.46,,
5429,15.21,,
5430,15.42,,
5431,15.53,,
5432,16.11,,
5433,16.05,,
5434,15.84,,
5435,15.87,,
5436,15.92,,
5437,15.51,,
5438,15.37,,
5439,15.35,,
5440,15.31,,
5441,15.13,,
5442,14.79,,
5443,15.17,,
5444,15.31,,
5445,15.23,,
5446,15.12,,
5447,15.04,,
5448,14.96,,
5449,14.82,,
5450,14.72,,
5451,14.54,,
5452,14.58,,
5453,14.27,,
5454,13.97,,
5455,13.92,,
5456,13.78,,
5457,13.66,,
5458,13.43,,
5459,13.38,,
5460,13.14,,
5461,13.13,,
5462,12.95,,
5463,12.65,,
5464,12.48,,
5465,12.45,,
5466,12.35,,
5467,12.25,,
5468,12.17,,
5469,12.14,,
5470,12.16,,
5471,12.12,,
5472,11.84,,
5473,11.84,,
5474,12.12,,
5475,11.83,,
5476,11.63,,
5477,11.50,,
5478,11.40,,
5479,11.14,,
5480,10.87,,
5481,10.57,,
5482,10.31,,
5483,10.18,,
5484,10.06,,
5485,9.89,,
5486,9.82,,
5487,9.55,,
5488,9.67,,
5489,9.66,,
5490,9.60,,
5491,9.44,,
5492,9.45,,
5493,9.45,,
5494,9.34,,
5495,9.29,,
5496,9.32,,
5497,9.37,,
5498,9.40,,
5499,9.36,,
5500,9.32,,
5501,9.34,,
5502,9.39,,
5503,9.40,,
5504,9.43,,
5505,9.42,,
5506,9.41,,
5507,10.25,,
5508,10.34,,
5509,10.35,,
5510,10.55,,
5511,10.33,,
5512,10.25,,
5513,10.34,,
5514,10.35,,
5515,10.35,,
5516,10.30,,
5517,10.34,,
5518,10.42,,
5519,10.36,,
5520,10.61,,
5521,10.60,,
5522,10.42,,
5523,10.43,,
5524,10.34,,
5525,10.37,,
5526,10.48,,
5527,10.29,,
5528,10.33,,
5529,10.36,,
5530,10.32,,
5531,10.23,,
5532,11.03,,
5533,10.78,,
5534,10.57,,
5535,10.69,,
5536,10.70,,
5537,10.48,,
5538,10.41,,
5539,10.78,,
5540,10.67,,
5541,10.82,,
5542,10.72,,
5543,10.81,,
5544,10.77,,
5545,10.81,,
5546,10.94,,
5547,10.74,,
5548,10.85,,
5549,10.75,,
5550,10.81,,
5551,10.91,,
5552,10.96,,
5553,10.92,,
5554,10.97,,
5555,10.90,,
5556,10.87,,
5557,11.04,,
5558,10.99,,
5559,11.04,,
5560,10.94,,
5561,11.21,,
5562,10.65,,
5563,10.28,,
5564,10.35,,
5565,10.41,,
5566,10.26,,
5567,10.09,,
5568,10.17,,
5569,10.24,,
5570,10.12,,
5571,10.18,,
5572,10.21,,
5573,10.21,,
5574,10.21,,
5575,10.25,,
5576,10.73,,
5577,10.82,,
5578,10.94,,
5579,11.61,,
5580,11.53,,
5581,11.77,,
5582,11.58,,
5583,12.16,,
5584,12.14,,
5585,12.17,,
5586,12.18,,
5587,12.37,,
5588,12.22,,
5589,12.20,,
5590,12.15,,
5591,12.57,,
5592,12.18,,
5593,12.07,,
5594,12.55,,
5595,12.63,,
5596,12.51,,
5597,12.70,,
5598,12.58,,
5599,12.46,,
5600,12.55,,
5601,12.81,,
5602,12.67,,
5603,12.57,,
5604,12.69,,
5605,12.78,,
5606,12.83,,
5607,12.77,,
5608,12.91,,
5609,13.07,,
5610,12.86,,
5611,13.25,,
5612,12.88,,
5613,13.27,,
5614,13.31,,
5615,13.35,,
5616,13.39,,
5617,13.50,,
5618,13.65,,
5619,13.54,,
5620,13.77,,
5621,13.81,,
5622,14.03,,
5623,13.83,,
5624,14.04,,
5625,14.19,,
5626,14.22,,
5627,14.25,,
5628,14.30,,
5629,14.35,,
5630,14.43,,
5631,14.62,,
5632,14.77,,
5633,14.78,,
5634,15.15,,
5635,15.21,,
5636,15.14,,
5637,15.29,,
5638,15.32,,
5639,15.27,,
5640,15.62,,
5641,15.72,,
5642,15.88,,
5643,16.02,,
5644,16.12,,
5645,16.21,,
5646,16.30,,
5647,16.44,,
5648,16.53,,
5649,16.78,,
5650,16.84,,
5651,16.99,,
5652,17.33,,
5653,17.43,,
5654,17.60,,
5655,17.67,,
5656,17.85,,
5657,18.07,,
5658,18.21,,
5659,18.43,,
5660,18.48,,
5661,18.60,,
5662,18.78,,
5663,19.03,,
5664,19.11,,
5665,19.17,,
5666,19.45,,
5667,19.46,,
5668,19.46,,
5669,19.48,,
5670,19.58,,
5671,19.63,,
5672,19.71,,
5673,19.93,,
5674,19.94,,
5675,20.13,,
5676,20.29,,
5677,20.43,,
5678,20.41,,
5679,20.70,,
5680,18.22,,
5681,17.54,,
5682,18.62,,
5683,19.49,,
5684,19.75,,
5685,20.08,,
5686,19.81,,
5687,20.24,,
5688,20.42,,
5689,20.60,,
5690,20.62,,
5691,20.69,,
5692,20.78,,
5693,20.88,,
5694,20.87,,
5695,20.87,,
5696,21.08,,
5697,20.35,,
5698,20.31,,
5699,20.44,,
5700,20.65,,
5701,20.55,,
5702,20.82,,
5703,20.90,,
5704,20.93,,
5705,20.46,,
5706,19.72,,
5707,19.40,,
5708,20.28,,
5709,20.19,,
5710,20.32,,
5711,20.59,,
5712,20.66,,
5713,20.55,,
5714,20.68,,
5715,21.40,,
5716,20.65,,
5717,20.83,,
5718,20.64,,
5719,20.79,,
5720,20.64,,
5721,20.80,,
5722,20.78,,
5723,20.19,,
5724,20.38,,
5725,19.37,,
5726,19.65,,
5727,19.76,,
5728,19.85,,
5729,19.63,,
5730,20.14,,
5731,19.95,,
5732,19.96,,
5733,20.50,,
5734,20.49,,
5735,20.50,,
5736,20.06,,
5737,20.01,,
5738,19.88,,
5739,20.14,,
5740,19.97,,
5741,20.20,,
5742,20.18,,
5743,20.23,,
5744,19.89,,
5745,20.03,,
5746,20.11,,
5747,19.93,,
5748,19.83,,
5749,19.88,,
5750,19.87,,
5751,19.53,,
5752,19.49,,
5753,19.52,,
5754,19.65,,
5755,19.40,,
5756,19.16,,
5757,19.38,,
5758,19.45,,
5759,19.45,,
5760,19.35,,
5761,19.22,,
5762,19.20,,
5763,18.89,,
5764,18.98,,
5765,18.69,,
5766,16.86,,
5767,17.00,,
5768,16.86,,
5769,17.11,,
5770,16.91,,
5771,17.13,,
5772,17.16,,
5773,17.25,,
5774,17.12,,
5775,17.54,,
5776,17.66,,
5777,17.29,,
5778,16.99,,
5779,17.19,,
5780,17.25,,
5781,17.17,,
5782,16.70,,
5783,13.90,,
5784,13.90,,
5785,13.90,,
5786,14.59,,
5787,15.50,,
5788,14.50,,
5789,14.38,,
5790,11.35,,
5791,11.14,,
5792,11.32,,
5793,13.04,,
5794,13.64,,
5795,13.23,,
5796,13.16,,
5797,13.06,,
5798,11.76,,
5799,12.90,,
5800,12.87,,
5801,12.91,,
5802,12.55,,
5803,12.58,,
5804,12.83,,
5805,12.50,,
5806,12.88,,
5807,12.35,,
5808,12.66,,
5809,12.45,,
5810,12.42,,
5811,12.16,,
5812,12.04,,
5813,11.81,,
5814,11.81,,
5815,11.62,,
5816,11.38,,
5817,11.51,,
5818,11.70,,
5819,11.65,,
5820,11.69,,
5821,11.61,,
5822,11.63,,
5823,11.44,,
5824,11.55,,
5825,11.50,,
5826,11.26,,
5827,11.03,,
5828,10.93,,
5829,10.77,,
5830,10.64,,
5831,10.53,,
5832,10.51,,
5833,10.32,,
5834,10.22,,
5835,10.24,,
5836,9.88,,
5837,9.55,,
5838,9.42,,
5839,9.32,,
5840,9.19,,
5841,9.00,,
5842,8.76,,
5843,8.57,,
5844,8.57,,
5845,8.45,,
5846,8.32,,
5847,8.25,,
5848,8.11,,
5849,7.90,,
5850,8.20,,
5851,8.22,,
5852,8.14,,
5853,8.04,,
5854,8.10,,
5855,8.12,,
5856,8.04,,
5857,8.06,,
5858,8.04,,
5859,8.09,,
5860,8.17,,
5861,8.03,,
5862,8.27,,
5863,8.22,,
5864,8.35,,
5865,8.54,,
5866,8.35,,
5867,8.47,,
5868,8.40,,
5869,8.53,,
5870,8.66,,
5871,8.56,,
5872,8.57,,
5873,8.64,,
5874,8.59,,
5875,8.68,,
5876,8.93,,
5877,8.65,,
5878,8.61,,
5879,8.57,,
5880,8.51,,
5881,8.55,,
5882,8.36,,
5883,8.25,,
5884,8.49,,
5885,8.57,,
5886,8.52,,
5887,8.58,,
5888,8.57,,
5889,8.71,,
5890,8.58,,
5891,8.67,,
5892,8.47,,
5893,8.67,,
5894,9.11,,
5895,9.10,,
5896,9.11,,
5897,9.10,,
5898,9.11,,
5899,9.18,,
5900,9.17,,
5901,9.12,,
5902,9.08,,
5903,9.21,,
5904,9.18,,
5905,9.10,,
5906,9.25,,
5907,9.22,,
5908,9.13,,
5909,9.28,,
5910,9.58,,
5911,10.37,,
5912,10.61,,
5913,10.37,,
5914,10.26,,
5915,10.38,,
5916,10.09,,
5917,10.16,,
5918,10.46,,
5919,10.68,,
5920,10.56,,
5921,10.73,,
5922,10.70,,
5923,10.53,,
5924,10.64,,
5925,10.32,,
5926,10.70,,
5927,11.71,,
5928,11.62,,
5929,11.50,,
5930,11.49,,
5931,11.03,,
5932,11.25,,
5933,11.58,,
5934,11.41,,
5935,10.96,,
5936,10.84,,
5937,11.07,,
5938,11.10,,
5939,11.12,,
5940,11.35,,
5941,11.38,,
5942,11.08,,
5943,11.28,,
5944,11.01,,
5945,11.17,,
5946,11.21,,
5947,10.89,,
5948,11.11,,
5949,11.21,,
5950,12.06,,
5951,11.83,,
5952,11.72,,
5953,11.71,,
5954,11.63,,
5955,11.62,,
5956,11.49,,
5957,11.25,,
5958,11.85,,
5959,11.74,,
5960,11.73,,
5961,11.75,,
5962,11.75,,
5963,11.98,,
5964,11.68,,
5965,12.64,,
5966,12.33,,
5967,12.09,,
5968,12.06,,
5969,12.02,,
5970,12.24,,
5971,12.06,,
5972,12.07,,
5973,12.14,,
5974,12.14,,
5975,12.21,,
5976,12.16,,
5977,12.18,,
5978,12.22,,
5979,12.50,,
5980,12.48,,
5981,12.50,,
5982,12.59,,
5983,12.61,,
5984,12.57,,
5985,12.85,,
5986,12.85,,
5987,12.92,,
5988,13.05,,
5989,13.04,,
5990,12.95,,
5991,13.05,,
5992,13.11,,
5993,13.09,,
5994,13.15,,
5995,13.23,,
5996,13.23,,
5997,13.32,,
5998,13.51,,
5999,13.45,,
6000,13.56,,
6001,13.63,,
6002,13.73,,
6003,13.79,,
6004,13.86,,
6005,14.08,,
6006,14.10,,
6007,14.31,,
6008,14.19,,
6009,14.21,,
6010,14.49,,
6011,14.40,,
6012,14.87,,
6013,14.73,,
6014,14.98,,
6015,15.06,,
6016,15.19,,
6017,15.28,,
6018,15.34,,
6019,15.50,,
6020,15.83,,
6021,15.80,,
6022,16.01,,
6023,16.07,,
6024,16.20,,
6025,16.39,,
6026,16.48,,
6027,16.58,,
6028,16.68,,
6029,16.92,,
6030,16.91,,
6031,17.09,,
6032,17.25,,
6033,17.24,,
6034,17.37,,
6035,17.08,,
6036,17.70,,
6037,17.89,,
6038,17.83,,
6039,15.33,,
6040,13.85,,
6041,13.98,,
6042,14.20,,
6043,14.34,,
6044,14.60,,
6045,14.78,,
6046,15.05,,
6047,15.19,,
6048,15.47,,
6049,15.60,,
6050,15.86,,
6051,16.10,,
6052,16.33,,
6053,16.56,,
6054,16.83,,
6055,17.03,,
6056,17.30,,
6057,17.54,,
6058,17.75,,
6059,18.07,,
6060,18.12,,
6061,17.76,,
6062,17.97,,
6063,17.54,,
6064,18.37,,
6065,18.23,,
6066,17.68,,
6067,18.27,,
6068,18.74,,
6069,18.96,,
6070,18.55,,
6071,18.76,,
6072,18.78,,
6073,18.11,,
6074,16.84,,
6075,16.45,,
6076,16.99,,
6077,17.14,,
6078,17.19,,
6079,17.42,,
6080,17.85,,
6081,18.26,,
6082,17.78,,
6083,17.94,,
6084,18.01,,
6085,18.11,,
6086,17.84,,
6087,17.50,,
6088,17.35,,
6089,17.65,,
6090,17.11,,
6091,17.26,,
6092,17.15,,
6093,17.14,,
6094,17.19,,
6095,17.44,,
6096,17.41,,
6097,17.58,,
6098,17.37,,
6099,17.47,,
6100,17.28,,
6101,17.94,,
6102,17.54,,
6103,17.85,,
6104,17.98,,
6105,18.10,,
6106,17.67,,
6107,17.74,,
6108,17.85,,
6109,17.72,,
6110,17.60,,
6111,17.80,,
6112,17.89,,
6113,17.84,,
6114,17.87,,
6115,18.00,,
6116,17.94,,
6117,17.74,,
6118,17.32,,
6119,17.99,,
6120,17.63,,
6121,17.44,,
6122,17.45,,
6123,17.38,,
6124,17.53,,
6125,17.45,,
6126,17.49,,
6127,17.42,,
6128,17.42,,
6129,17.36,,
6130,17.42,,
6131,17.17,,
6132,17.11,,
6133,16.80,,
6134,17.06,,
6135,17.03,,
6136,16.78,,
6137,16.52,,
6138,16.43,,
6139,16.37,,
6140,16.29,,
6141,16.14,,
6142,15.98,,
6143,16.11,,
6144,16.14,,
6145,15.96,,
6146,15.91,,
6147,15.48,,
6148,15.00,,
6149,14.38,,
6150,13.85,,
6151,13.48,,
6152,13.45,,
6153,13.56,,
6154,13.56,,
6155,13.40,,
6156,13.68,,
6157,13.70,,
6158,13.76,,
6159,13.88,,
6160,14.05,,
6161,14.03,,
6162,14.12,,
6163,14.13,,
6164,14.10,,
6165,14.15,,
6166,13.97,,
6167,14.02,,
6168,13.89,,
6169,13.87,,
6170,13.74,,
6171,13.61,,
6172,13.48,,
6173,13.50,,
6174,13.50,,
6175,13.24,,
6176,13.20,,
6177,12.97,,
6178,12.71,,
6179,12.53,,
6180,12.39,,
6181,12.56,,
6182,12.13,,
6183,11.99,,
6184,11.98,,
6185,12.07,,
6186,11.83,,
6187,11.60,,
6188,11.57,,
6189,11.45,,
6190,11.13,,
6191,10.77,,
6192,10.68,,
6193,10.53,,
6194,10.74,,
6195,10.89,,
6196,10.84,,
6197,10.87,,
6198,10.65,,
6199,10.22,,
6200,9.73,,
6201,9.50,,
6202,9.31,,
6203,9.51,,
6204,9.55,,
6205,9.63,,
6206,9.55,,
6207,9.39,,
6208,9.33,,
6209,9.07,,
6210,8.94,,
6211,8.74,,
6212,8.75,,
6213,8.80,,
6214,8.91,,
6215,8.73,,
6216,8.50,,
6217,8.65,,
6218,8.91,,
6219,9.05,,
6220,9.16,,
6221,9.16,,
6222,9.22,,
6223,9.25,,
6224,9.23,,
6225,9.15,,
6226,9.08,,
6227,8.99,,
6228,8.85,,
6229,8.79,,
6230,8.70,,
6231,8.60,,
6232,8.58,,
6233,8.55,,
6234,8.52,,
6235,8.44,,
6236,8.36,,
6237,8.25,,
6238,8.12,,
6239,8.05,,
6240,7.96,,
6241,7.98,,
6242,7.89,,
6243,7.82,,
6244,7.76,,
6245,8.00,,
6246,8.08,,
6247,8.41,,
6248,8.89,,
6249,9.12,,
6250,9.44,,
6251,9.29,,
6252,9.20,,
6339,11.48,,
6340,12.12,,
6341,12.18,,
6342,12.39,,
6343,12.59,,
6344,12.55,,
6345,12.60,,
6346,12.00,,
6347,12.69,,
6348,13.09,,
6349,13.11,,
6350,13.13,,
6351,13.13,,
6352,13.17,,
6353,13.07,,
6354,12.82,,
6355,12.68,,
6356,12.66,,
6357,12.30,,
6358,12.28,,
6359,12.24,,
6360,13.01,,
6361,13.90,,
6362,13.80,,
6363,12.77,,
6364,13.53,,
6365,13.97,,
6366,14.33,,
6367,14.06,,
6368,13.80,,
6369,13.59,,
6370,12.72,,
6371,12.92,,
6372,12.92,,
6373,12.79,,
6374,12.80,,
6375,12.75,,
6376,12.77,,
6377,12.78,,
6378,12.86,,
6379,12.98,,
6380,13.02,,
6381,13.08,,
6382,13.17,,
6383,13.22,,
6384,13.32,,
6385,13.32,,
6386,13.44,,
6387,13.45,,
6388,13.48,,
6389,13.62,,
6390,13.64,,
6391,13.68,,
6392,13.73,,
6393,13.71,,
6394,13.79,,
6395,13.83,,
6396,13.92,,
6397,13.98,,
6398,14.04,,
6399,14.06,,
6400,14.14,,
6401,14.18,,
6402,14.23,,
6403,14.26,,
6404,14.35,,
6405,14.41,,
6406,14.47,,
6407,14.55,,
6408,14.61,,
6409,14.66,,
6410,14.69,,
6411,14.77,,
6412,14.88,,
6413,14.90,,
6414,14.98,,
6415,15.05,,
6416,15.08,,
6417,15.22,,
6418,15.21,,
6419,15.27,,
6420,15.36,,
6421,15.44,,
6422,14.79,,
6423,14.92,,
6424,15.42,,
6425,15.49,,
6426,15.55,,
6427,15.14,,
6428,15.23,,
6429,15.30,,
6430,15.35,,
6431,15.54,,
6432,15.19,,
6433,15.24,,
6434,15.25,,
6435,15.30,,
6436,15.34,,
6437,15.84,,
6438,15.46,,
6439,15.63,,
6440,15.65,,
6441,15.20,,
6442,15.37,,
6443,14.99,,
6444,15.24,,
6445,15.37,,
6446,15.49,,
6447,15.51,,
6448,15.57,,
6449,15.65,,
6450,15.49,,
6451,14.76,,
6452,14.84,,
6453,14.84,,
6454,14.77,,
6455,15.18,,
6456,15.29,,
6457,15.43,,
6458,15.18,,
6459,15.27,,
6460,15.28,,
6461,15.40,,
6462,15.54,,
6463,15.66,,
6464,15.61,,
6465,15.68,,
6466,15.93,,
6467,16.07,,
6468,16.02,,
6469,16.16,,
6470,16.25,,
6471,16.31,,
6472,16.44,,
6473,16.50,,
6474,16.67,,
6475,16.58,,
6476,16.69,,
6477,16.78,,
6478,16.85,,
6479,16.72,,
6480,16.71,,
6481,16.90,,
6482,16.99,,
6483,16.93,,
6484,16.86,,
6485,17.14,,
6486,17.21,,
6487,17.22,,
6488,17.29,,
6489,17.25,,
6490,17.21,,
6491,17.25,,
6492,17.26,,
6493,17.13,,
6494,17.15,,
6495,17.07,,
6496,17.06,,
6497,17.00,,
6498,16.98,,
6499,16.85,,
6500,16.81,,
6501,16.72,,
6502,16.56,,
6503,16.39,,
6504,16.32,,
6505,16.30,,
6506,15.72,,
6507,15.83,,
6508,15.29,,
6509,15.23,,
6510,15.24,,
6511,15.33,,
6512,15.40,,
6513,15.39,,
6514,15.31,,
6515,15.53,,
6516,15.33,,
6517,15.26,,
6518,15.27,,
6519,15.33,,
6520,15.44,,
6521,15.47,,
6522,15.26,,
6523,15.30,,
6524,15.32,,
6525,15.30,,
6526,15.24,,
6527,15.17,,
6528,15.13,,
6529,15.09,,
6530,15.00,,
6531,14.89,,
6532,14.31,,
6533,13.70,,
6534,13.43,,
6535,13.24,,
6536,13.18,,
6537,13.19,,
6538,13.09,,
6539,13.10,,
6540,13.11,,
6541,13.08,,
6542,13.10,,
6543,13.10,,
6544,12.99,,
6545,12.85,,
6546,12.73,,
6547,12.65,,
6548,12.62,,
6549,12.45,,
6550,12.43,,
6551,12.26,,
6552,12.11,,
6553,11.97,,
6554,11.86,,
6555,11.73,,
6556,11.64,,
6557,11.53,,
6558,11.34,,
6559,11.33,,
6560,11.49,,
6561,11.37,,
6562,11.21,,
6563,11.09,,
6564,10.97,,
6565,11.10,,
6566,10.86,,
6567,10.74,,
6568,10.68,,
6569,10.59,,
6570,10.62,,
6571,10.56,,
6572,10.49,,
6573,10.48,,
6574,10.42,,
6575,10.34,,
6576,10.29,,
6577,10.22,,
6578,10.03,,
6579,10.08,,
6580,10.18,,
6581,10.01,,
6582,10.04,,
6583,10.32,,
6584,10.26,,
6585,10.28,,
6586,10.39,,
6587,10.37,,
6588,10.11,,
6589,10.10,,
6590,10.08,,
6591,10.13,,
6592,10.03,,
6593,10.19,,
6594,10.19,,
6595,10.14,,
6596,10.10,,
6597,10.00,,
6598,10.07,,
6599,9.97,,
6600,9.84,,
6601,9.96,,
6602,9.95,,
6603,9.87,,
6604,9.75,,
6605,9.75,,
6606,9.75,,
6607,9.64,,
6608,9.61,,
6609,9.59,,
6610,9.57,,
6611,9.56,,
6612,9.56,,
6613,9.71,,
6614,10.17,,
6615,10.31,,
6616,10.42,,
6617,10.13,,
6618,10.25,,
6619,10.26,,
6620,10.28,,
6621,10.29,,
6622,10.31,,
6623,10.26,,
6624,9.89,,
6625,10.20,,
6626,10.18,,
6627,10.18,,
6628,10.02,,
6629,10.22,,
6630,9.88,,
6631,9.79,,
6632,9.70,,
6633,9.79,,
6634,9.63,,
6635,9.59,,
6636,9.70,,
6637,9.54,,
6638,9.58,,
6639,9.67,,
6640,9.70,,
6641,9.69,,
6642,9.81,,
6643,9.77,,
6644,9.69,,
6645,9.80,,
6646,9.80,,
6647,9.58,,
6648,9.94,,
6649,9.72,,
6650,9.50,,
6651,9.63,,
6652,9.79,,
6653,9.71,,
6654,9.54,,
6655,9.26,,
6656,9.36,,
6657,9.60,,
6658,9.33,,
6659,9.47,,
6660,9.69,,
6661,9.51,,
6662,9.79,,
6663,9.97,,
6664,10.08,,
6665,10.04,,
6666,9.90,,
6667,9.94,,
6668,10.10,,
6669,10.23,,
6670,10.22,,
6671,10.50,,
6672,10.18,,
6673,11.32,,
6674,11.19,,
6675,11.01,,
6676,10.33,,
6677,10.67,,
6678,11.25,,
6679,10.89,,
6680,10.30,,
6681,10.43,,
6682,10.99,,
6683,10.85,,
6684,10.79,,
6685,10.80,,
6686,10.80,,
6687,10.80,,
6688,10.80,,
6689,10.80,,
6690,10.80,,
6691,10.80,,
6692,10.80,,
6693,10.80,,
6694,10.80,,
6695,10.80,,
6696,10.80,,
6697,10.80,,
6698,10.80,,
6699,10.87,,
6700,10.77,,
6701,11.00,,
6702,10.93,,
6703,10.84,,
6704,11.04,,
6705,11.04,,
6706,11.16,,
6707,11.30,,
6708,11.20,,
6709,11.26,,
6710,11.24,,
6711,11.47,,
6712,11.28,,
6713,11.32,,
6714,11.41,,
6715,11.43,,
6716,11.45,,
6717,11.53,,
6718,11.57,,
6719,11.69,,
6720,11.84,,
6721,11.76,,
6722,11.72,,
6723,11.83,,
6724,11.86,,
6725,11.93,,
6726,12.33,,
6727,12.12,,
6728,12.09,,
6729,12.22,,
6730,12.31,,
6731,12.46,,
6732,12.46,,
6733,12.60,,
6734,12.52,,
6735,12.70,,
6736,12.80,,
6737,12.87,,
6738,12.96,,
6739,13.04,,
6740,13.14,,
6741,13.16,,
6742,13.28,,
6743,13.50,,
6744,13.51,,
6745,13.64,,
6746,13.72,,
6747,13.91,,
6748,13.92,,
6749,14.07,,
6750,14.13,,
6751,14.36,,
6752,14.42,,
6753,14.42,,
6754,14.71,,
6755,14.89,,
6756,14.89,,
6757,14.99,,
6758,15.28,,
6759,15.28,,
6760,15.46,,
6761,15.86,,
6762,15.97,,
6763,15.99,,
6764,16.12,,
6765,16.36,,
6766,16.47,,
6767,16.57,,
6768,15.96,,
6769,16.18,,
6770,16.39,,
6771,16.52,,
6772,16.29,,
6773,16.30,,
6774,16.38,,
6775,16.38,,
6776,16.62,,
6777,17.11,,
6778,17.28,,
6779,16.43,,
6780,16.70,,
6781,16.76,,
6782,16.43,,
6783,16.82,,
6784,16.85,,
6785,16.90,,
6786,16.79,,
6787,16.49,,
6788,16.73,,
6789,16.96,,
6790,17.08,,
6791,16.75,,
6792,17.15,,
6793,16.75,,
6794,17.11,,
6795,16.59,,
6796,16.02,,
6797,16.16,,
6798,16.33,,
6799,16.50,,
6800,16.59,,
6801,16.74,,
6802,16.92,,
6803,17.13,,
6804,17.17,,
6805,17.26,,
6806,17.46,,
6807,16.92,,
6808,16.27,,
6809,16.27,,
6810,16.87,,
6811,17.08,,
6812,16.94,,
6813,16.67,,
6814,16.24,,
6815,16.28,,
6816,16.40,,
6817,15.60,,
6818,15.84,,
6819,15.66,,
6820,15.47,,
6821,15.53,,
6822,15.60,,
6823,15.77,,
6824,15.88,,
6825,15.93,,
6826,16.01,,
6827,16.11,,
6828,16.21,,
6829,16.24,,
6830,15.84,,
6831,16.26,,
6832,16.13,,
6833,16.08,,
6834,16.35,,
6835,16.39,,
6836,16.53,,
6837,16.33,,
6838,16.37,,
6839,15.62,,
6840,15.59,,
6841,15.81,,
6842,16.40,,
6843,16.54,,
6844,16.59,,
6845,16.61,,
6846,16.70,,
6847,16.42,,
6848,16.24,,
6849,16.92,,
6850,17.07,,
6851,17.15,,
6852,17.02,,
6853,17.16,,
6854,17.16,,
6855,17.45,,
6856,17.36,,
6857,17.36,,
6858,17.32,,
6859,17.28,,
6860,17.54,,
6861,17.17,,
6862,17.57,,
6863,17.10,,
6864,17.26,,
6865,17.13,,
6866,17.32,,
6867,17.31,,
6868,17.29,,
6869,17.25,,
6870,17.11,,
6871,17.15,,
6872,17.20,,
6873,17.12,,
6874,17.00,,
6875,17.01,,
6876,16.80,,
6877,16.94,,
6878,15.51,,
6879,15.19,,
6880,15.20,,
6881,15.27,,
6882,15.44,,
6883,15.04,,
6884,14.88,,
6885,14.99,,
6886,14.91,,
6887,15.14,,
6888,14.88,,
6889,15.25,,
6890,15.08,,
6891,14.93,,
6892,14.61,,
6893,14.65,,
6894,14.60,,
6895,14.44,,
6896,14.16,,
6897,14.09,,
6898,13.95,,
6899,14.06,,
6900,13.82,,
6901,13.56,,
6902,13.53,,
6903,13.68,,
6904,13.60,,
6905,13.40,,
6906,13.37,,
6907,13.26,,
6908,13.26,,
6909,13.39,,
6910,13.22,,
6911,13.13,,
6912,13.02,,
6913,12.71,,
6914,12.55,,
6915,12.44,,
6916,12.28,,
6917,12.14,,
6918,12.00,,
6919,11.94,,
6920,11.77,,
6921,11.76,,
6922,11.59,,
6923,11.49,,
6924,11.46,,
6925,11.33,,
6926,11.26,,
6927,11.26,,
6928,11.11,,
6929,11.11,,
6930,11.06,,
6931,10.97,,
6932,10.88,,
6933,10.82,,
6934,11.07,,
6935,10.94,,
6936,11.04,,
6937,10.85,,
6938,10.59,,
6939,10.49,,
6940,10.50,,
6941,10.15,,
6942,10.05,,
6943,9.96,,
6944,9.76,,
6945,9.69,,
6946,9.46,,
6947,9.53,,
6948,9.53,,
6949,9.19,,
6950,9.25,,
6951,9.29,,
6952,9.16,,
6953,9.18,,
6954,9.13,,
6955,9.16,,
6956,9.39,,
6957,9.70,,
6958,9.58,,
6959,9.49,,
6960,9.24,,
6961,9.33,,
6962,9.50,,
6963,9.50,,
6964,9.33,,
6965,9.29,,
6966,9.23,,
6967,9.25,,
6968,9.20,,
6969,9.08,,
6970,9.06,,
6971,9.06,,
6972,8.84,,
6973,9.05,,
6974,8.83,,
6975,8.91,,
6976,9.00,,
6977,9.04,,
6978,8.93,,
6979,8.76,,
6980,8.48,,
6981,8.47,,
6982,8.60,,
6983,8.61,,
6984,8.44,,
6985,8.40,,
6986,8.39,,
6987,8.34,,
6988,8.22,,
6989,8.27,,
6990,8.16,,
6991,7.90,,
6992,8.10,,
6993,8.00,,
6994,7.91,,
6995,7.75,,
6996,7.58,,
6997,7.65,,
6998,7.75,,
6999,7.92,,
7000,8.00,,
7001,8.18,,
7002,8.17,,
7003,8.09,,
7004,8.35,,
7005,8.12,,
7006,8.48,,
7007,8.55,,
7008,8.60,,
7009,8.76,,
7010,8.99,,
7011,8.84,,
7012,8.83,,
7013,8.78,,
7014,8.80,,
7015,8.85,,
7016,8.79,,
7017,8.72,,
7018,8.57,,
7019,8.51,,
7020,8.76,,
7021,8.81,,
7022,8.84,,
7023,8.84,,
7024,8.75,,
7025,9.08,,
7026,8.95,,
7027,9.21,,
7028,9.55,,
7029,9.65,,
7030,9.68,,
7031,9.70,,
7032,9.43,,
7033,9.42,,
7034,9.88,,
7035,9.82,,
7036,9.95,,
7037,9.97,,
7038,9.76,,
7039,10.10,,
7040,10.75,,
7041,10.50,,
7042,10.59,,
7043,10.51,,
7044,10.04,,
7045,10.01,,
7046,10.42,,
7047,10.40,,
7048,10.41,,
7049,10.30,,
7050,9.64,,
7051,10.68,,
7052,10.90,,
7053,10.71,,
7054,10.62,,
7055,10.45,,
7056,10.42,,
7057,10.36,,
7058,10.51,,
7059,10.33,,
7060,10.50,,
7061,10.60,,
7062,10.53,,
7063,10.68,,
7064,10.67,,
7065,10.53,,
7066,10.86,,
7067,11.69,,
7068,10.91,,
7069,10.83,,
7070,11.07,,
7071,10.84,,
7072,10.82,,
7073,10.95,,
7074,11.03,,
7075,11.10,,
7076,10.96,,
7077,11.61,,
7078,11.40,,
7079,11.12,,
7080,11.17,,
7081,11.01,,
7082,11.64,,
7083,11.40,,
7084,10.99,,
7085,10.65,,
7086,10.72,,
7087,11.03,,
7088,10.84,,
7089,10.90,,
7090,10.90,,
7091,10.82,,
7092,10.25,,
7093,10.40,,
7094,10.75,,
7095,11.32,,
7096,11.85,,
7097,11.78,,
7098,12.34,,
7099,12.83,,
7100,12.75,,
7101,12.74,,
7102,12.39,,
7103,11.96,,
7104,11.82,,
7105,11.67,,
7106,11.68,,
7107,11.77,,
7108,11.96,,
7109,11.95,,
7110,12.05,,
7111,12.15,,
7112,12.13,,
7113,12.16,,
7114,12.26,,
7115,12.29,,
7116,12.37,,
7117,12.34,,
7118,12.48,,
7119,12.43,,
7120,12.51,,
7121,12.49,,
7122,12.64,,
7123,12.64,,
7124,12.72,,
7125,12.73,,
7126,12.83,,
7127,12.90,,
7128,12.94,,
7129,13.04,,
7130,13.02,,
7131,13.11,,
7132,13.11,,
7133,13.20,,
7134,13.29,,
7135,13.38,,
7136,13.35,,
7137,13.55,,
7138,13.62,,
7139,13.31,,
7140,13.43,,
7141,13.53,,
7142,13.54,,
7143,13.60,,
7144,13.69,,
7145,13.80,,
7146,13.79,,
7147,13.88,,
7148,13.93,,
7149,13.94,,
7150,14.01,,
7151,14.12,,
7152,13.73,,
7153,13.20,,
7154,13.20,,
7155,13.20,,
7156,13.20,,
7157,13.20,,
7158,13.20,,
7159,13.20,,
7160,14.80,,
7161,16.15,,
7162,16.12,,
7163,16.39,,
7164,16.50,,
7165,16.69,,
7166,16.20,,
7167,16.02,,
7168,15.61,,
7169,15.58,,
7170,15.68,,
7171,15.57,,
7172,15.76,,
7173,15.35,,
7174,15.93,,
7175,15.83,,
7176,15.66,,
7177,15.53,,
7178,15.59,,
7179,15.53,,
7180,15.79,,
7181,16.05,,
7182,15.45,,
7183,15.60,,
7184,15.74,,
7185,15.72,,
7186,15.88,,
7187,15.93,,
7188,16.07,,
7189,16.30,,
7190,16.28,,
7191,16.00,,
7192,15.77,,
7193,16.38,,
7194,16.39,,
7195,16.36,,
7196,16.04,,
7197,15.92,,
7198,16.43,,
7199,16.19,,
7200,15.93,,
7201,16.08,,
7202,16.09,,
7203,16.10,,
7204,16.15,,
7205,16.18,,
7206,16.20,,
7207,16.31,,
7208,16.11,,
7209,16.26,,
7210,16.27,,
7211,16.23,,
7212,16.08,,
7213,16.20,,
7214,16.11,,
7215,15.97,,
7216,15.32,,
7217,15.29,,
7218,15.29,,
7219,15.35,,
7220,15.39,,
7221,15.42,,
7222,15.38,,
7223,15.43,,
7224,15.48,,
7225,15.56,,
7226,15.61,,
7227,15.62,,
7228,15.71,,
7229,15.66,,
7230,15.78,,
7231,15.76,,
7232,15.82,,
7233,15.88,,
7234,15.79,,
7235,15.82,,
7236,15.76,,
7237,15.82,,
7238,15.86,,
7239,15.92,,
7240,16.68,,
7241,16.21,,
7242,16.12,,
7243,15.90,,
7244,15.69,,
7245,14.87,,
7246,14.84,,
7247,14.80,,
7248,14.59,,
7249,14.70,,
7250,14.59,,
7251,14.57,,
7252,14.53,,
7253,14.57,,
7254,14.63,,
7255,14.68,,
7256,14.66,,
7257,14.69,,
7258,14.73,,
7259,14.87,,
7260,14.78,,
7261,14.89,,
7262,14.68,,
7263,14.61,,
7264,14.66,,
7265,14.68,,
7266,14.47,,
7267,14.49,,
7268,14.38,,
7269,14.39,,
7270,14.09,,
7271,14.03,,
7272,13.92,,
7273,13.62,,
7274,13.40,,
7275,13.18,,
7276,13.12,,
7277,12.90,,
7278,12.67,,
7279,12.58,,
7280,12.46,,
7281,12.33,,
7282,12.52,,
7283,12.56,,
7284,12.28,,
7285,12.12,,
7286,12.02,,
7287,11.89,,
7288,11.86,,
7289,11.92,,
7290,11.78,,
7291,11.69,,
7292,11.42,,
7293,11.33,,
7294,11.24,,
7295,11.16,,
7296,11.01,,
7297,11.19,,
7298,10.96,,
7299,10.79,,
7300,10.77,,
7301,10.77,,
7302,10.69,,
7303,10.56,,
7304,10.51,,
7305,10.42,,
7306,10.36,,
7307,10.31,,
7308,10.28,,
7309,10.08,,
7310,10.03,,
7311,9.91,,
7312,9.91,,
7313,9.85,,
7314,9.82,,
7315,9.92,,
7316,9.79,,
7317,9.80,,
7318,9.72,,
7319,9.67,,
7320,9.83,,
7321,9.62,,
7322,9.74,,
7323,9.72,,
7324,9.54,,
7325,9.52,,
7326,9.47,,
7327,9.36,,
7328,9.39,,
7329,9.31,,
7330,9.31,,
7331,9.30,,
7332,9.43,,
7333,9.26,,
7334,9.38,,
7335,9.35,,
7336,9.28,,
7337,9.33,,
7338,9.33,,
7339,9.42,,
7340,9.46,,
7341,9.30,,
7342,9.35,,
7343,9.27,,
7344,9.18,,
7345,9.50,,
7346,9.37,,
7347,9.18,,
7348,9.19,,
7349,8.96,,
7350,8.93,,
7351,8.86,,
7352,8.84,,
7353,9.16,,
7354,8.95,,
7355,9.01,,
7356,8.90,,
7357,9.06,,
7358,9.03,,
7359,8.97,,
7360,9.15,,
7361,9.12,,
7362,9.74,,
7363,10.24,,
7364,10.18,,
7365,9.84,,
7366,10.42,,
7367,10.68,,
7368,10.36,,
7369,10.41,,
7370,10.39,,
7371,10.16,,
7372,10.12,,
7373,10.41,,
7374,10.60,,
7375,10.75,,
7376,10.93,,
7377,10.97,,
7378,10.52,,
7379,10.43,,
7380,10.51,,
7381,10.92,,
7382,10.61,,
7383,10.54,,
7384,10.55,,
7385,10.65,,
7386,10.60,,
7387,10.77,,
7388,10.17,,
7389,10.34,,
7390,10.68,,
7391,10.79,,
7392,10.42,,
7393,10.47,,
7394,10.66,,
7395,10.63,,
7396,10.59,,
7397,10.87,,
7398,10.99,,
7399,10.94,,
7400,10.78,,
7401,10.91,,
7402,11.18,,
7403,10.69,,
7404,10.46,,
7405,10.35,,
7406,10.48,,
7407,10.30,,
7408,10.47,,
7409,10.51,,
7410,10.56,,
7411,10.46,,
7412,10.42,,
7413,10.47,,
7414,10.53,,
7415,10.63,,
7416,10.61,,
7417,11.54,,
7418,12.36,,
7419,12.82,,
7420,12.71,,
7421,12.70,,
7422,12.57,,
7423,12.83,,
7424,12.79,,
7425,12.56,,
7426,12.54,,
7427,12.60,,
7428,12.47,,
7429,12.68,,
7430,13.11,,
7431,12.73,,
7432,13.32,,
7433,13.32,,
7434,13.43,,
7435,13.20,,
7436,12.98,,
7437,13.22,,
7438,12.86,,
7439,13.42,,
7440,13.24,,
7441,13.57,,
7442,13.26,,
7443,13.35,,
7444,13.44,,
7445,13.55,,
7446,13.61,,
7447,13.24,,
7448,13.65,,
7449,13.44,,
7450,13.59,,
7451,13.66,,
7452,13.12,,
7453,13.18,,
7454,13.20,,
7455,13.59,,
7456,14.34,,
7457,13.78,,
7458,13.98,,
7459,14.12,,
7460,13.83,,
7461,14.11,,
7462,13.85,,
7463,14.14,,
7464,14.68,,
7465,14.60,,
7466,14.60,,
7467,14.79,,
7468,14.69,,
7469,14.76,,
7470,15.01,,
7471,15.08,,
7472,14.90,,
7473,15.41,,
7474,15.58,,
7475,15.56,,
7476,15.57,,
7477,15.64,,
7478,15.73,,
7479,15.88,,
7480,15.56,,
7481,15.77,,
7482,15.74,,
7483,15.88,,
7484,15.77,,
7485,16.23,,
7486,16.53,,
7487,16.56,,
7488,16.65,,
7489,16.60,,
7490,16.72,,
7491,17.20,,
7492,17.25,,
7493,16.79,,
7494,16.62,,
7495,17.19,,
7496,17.54,,
7497,17.74,,
7498,17.75,,
7499,17.62,,
7500,17.53,,
7501,17.32,,
7502,17.44,,
7503,17.72,,
7504,17.48,,
7505,17.78,,
7506,17.81,,
7507,17.38,,
7508,17.66,,
7509,17.79,,
7510,16.16,,
7511,15.41,,
7512,15.53,,
7513,15.69,,
7514,15.84,,
7515,15.93,,
7516,16.19,,
7517,16.32,,
7518,16.36,,
7519,16.63,,
7520,16.76,,
7521,16.82,,
7522,17.04,,
7523,17.13,,
7524,17.34,,
7525,17.48,,
7526,17.57,,
7527,17.79,,
7528,17.83,,
7529,18.02,,
7530,17.18,,
7531,17.31,,
7532,16.45,,
7533,15.73,,
7534,15.68,,
7535,16.60,,
7536,16.86,,
7537,16.22,,
7538,17.02,,
7539,17.72,,
7540,17.10,,
7541,17.39,,
7542,17.36,,
7543,17.37,,
7544,17.54,,
7545,17.00,,
7546,17.62,,
7547,17.80,,
7548,17.88,,
7549,17.76,,
7550,17.95,,
7551,18.15,,
7552,18.12,,
7553,17.79,,
7554,17.97,,
7555,17.97,,
7556,18.07,,
7557,18.08,,
7558,17.97,,
7559,18.25,,
7560,18.34,,
7561,18.29,,
7562,18.37,,
7563,18.23,,
7564,18.47,,
7565,18.31,,
7566,18.61,,
7567,18.38,,
7568,18.79,,
7569,18.56,,
7570,18.22,,
7571,18.65,,
7572,18.40,,
7573,18.32,,
7574,18.48,,
7575,18.41,,
7576,18.24,,
7577,18.10,,
7578,18.48,,
7579,18.21,,
7580,18.23,,
7581,18.53,,
7582,18.46,,
7583,18.37,,
7584,18.68,,
7585,18.59,,
7586,18.45,,
7587,18.49,,
7588,18.52,,
7589,18.47,,
7590,18.59,,
7591,18.58,,
7592,18.48,,
7593,17.70,,
7594,18.32,,
7595,18.07,,
7596,17.49,,
7597,18.08,,
7598,17.24,,
7599,16.93,,
7600,15.85,,
7601,15.86,,
7602,15.80,,
7603,16.07,,
7604,16.34,,
7605,15.99,,
7606,16.06,,
7607,15.50,,
7608,14.34,,
7609,13.78,,
7610,13.65,,
7611,13.96,,
7612,13.96,,
7613,13.91,,
7614,13.53,,
7615,14.09,,
7616,14.01,,
7617,14.07,,
7618,14.09,,
7619,13.93,,
7620,14.21,,
7621,13.92,,
7622,13.97,,
7623,13.77,,
7624,13.41,,
7625,13.46,,
7626,13.58,,
7627,13.73,,
7628,13.72,,
7629,13.70,,
7630,13.60,,
7631,13.39,,
7632,13.55,,
7633,13.44,,
7634,13.29,,
7635,13.48,,
7636,13.77,,
7637,13.51,,
7638,13.40,,
7639,13.22,,
7640,13.18,,
7641,13.00,,
7642,12.91,,
7643,12.84,,
7644,12.74,,
7645,12.61,,
7646,12.50,,
7647,12.38,,
7648,12.18,,
7649,12.19,,
7650,12.01,,
7651,11.81,,
7652,11.81,,
7653,11.63,,
7654,11.68,,
7655,11.53,,
7656,11.45,,
7657,11.36,,
7658,11.29,,
7659,11.23,,
7660,11.14,,
7661,11.03,,
7662,10.98,,
7663,10.82,,
7664,10.76,,
7665,10.63,,
7666,10.59,,
7667,10.55,,
7668,10.58,,
7669,10.48,,
7670,10.33,,
7671,10.33,,
7672,10.21,,
7673,10.20,,
7674,10.21,,
7675,10.03,,
7676,10.18,,
7677,10.17,,
7678,9.95,,
7679,9.93,,
7680,9.82,,
7681,9.84,,
7682,9.79,,
7683,9.78,,
7684,9.78,,
7685,9.75,,
7686,9.81,,
7687,9.75,,
7688,9.71,,
7689,10.10,,
7690,10.05,,
7691,9.78,,
7692,9.71,,
7693,9.60,,
7694,9.75,,
7695,9.57,,
7696,9.54,,
7697,9.44,,
7698,9.25,,
7699,9.26,,
7700,9.21,,
7701,9.14,,
7702,9.08,,
7703,9.01,,
7704,9.07,,
7705,8.96,,
7706,9.07,,
7707,8.89,,
7708,8.95,,
7709,9.01,,
7710,8.90,,
7711,8.90,,
7712,8.85,,
7713,8.91,,
7714,9.14,,
7715,8.98,,
7716,9.08,,
7717,8.84,,
7718,9.12,,
7719,9.12,,
7720,9.08,,
7721,8.85,,
7722,8.95,,
7723,8.94,,
7724,9.60,,
7725,10.13,,
7726,10.09,,
7727,9.72,,
7728,9.75,,
7729,9.84,,
7730,9.79,,
7731,9.80,,
7732,9.94,,
7733,9.82,,
7734,9.71,,
7735,9.85,,
7736,9.86,,
7737,10.18,,
7738,9.72,,
7739,9.97,,
7740,9.88,,
7741,10.16,,
7742,10.16,,
7743,10.04,,
7744,9.85,,
7745,9.95,,
7746,10.15,,
7747,10.23,,
7748,10.25,,
7749,10.22,,
7750,10.20,,
7751,10.74,,
7752,10.42,,
7753,10.91,,
7754,10.62,,
7755,10.46,,
7756,10.96,,
7757,10.84,,
7758,11.05,,
7759,11.38,,
7760,11.70,,
7761,11.61,,
7762,11.90,,
7763,11.69,,
7764,11.35,,
7765,11.65,,
7766,11.83,,
7767,11.99,,
7768,11.62,,
7769,12.29,,
7770,12.25,,
7771,12.52,,
7772,12.72,,
7773,12.78,,
7774,12.33,,
7775,12.95,,
7776,13.04,,
7777,13.17,,
7778,13.59,,
7779,13.56,,
7780,13.51,,
7781,13.25,,
7782,13.56,,
7783,13.31,,
7784,13.53,,
7785,13.40,,
7786,13.23,,
7787,13.86,,
7788,14.19,,
7789,13.91,,
7790,14.04,,
7791,13.84,,
7792,14.00,,
7793,14.51,,
7794,14.76,,
7795,15.03,,
7796,15.15,,
7797,14.72,,
7798,15.23,,
7799,15.55,,
7800,15.58,,
7801,15.86,,
7802,15.50,,
7803,15.87,,
7804,15.88,,
7805,15.27,,
7806,15.77,,
7807,15.47,,
7808,15.88,,
7809,15.65,,
7810,15.48,,
7811,16.64,,
7812,15.93,,
7813,15.99,,
7814,16.33,,
7815,16.32,,
7816,15.97,,
7817,16.66,,
7818,16.52,,
7819,16.56,,
7820,16.43,,
7821,16.74,,
7822,16.96,,
7823,16.70,,
7824,16.70,,
7825,17.12,,
7826,17.16,,
7827,17.28,,
7828,17.19,,
7829,16.78,,
7830,16.79,,
7831,16.76,,
7832,17.06,,
7833,17.66,,
7834,18.13,,
7835,18.17,,
7836,18.41,,
7837,18.83,,
7838,19.14,,
7839,19.34,,
7840,19.52,,
7841,18.45,,
7842,18.43,,
7843,19.47,,
7844,19.01,,
7845,18.74,,
7846,18.70,,
7847,18.76,,
7848,19.06,,
7849,19.10,,
7850,19.33,,
7851,19.61,,
7852,19.70,,
7853,19.94,,
7854,19.52,,
7855,19.37,,
7856,19.49,,
7857,19.22,,
7858,19.63,,
7859,19.52,,
7860,19.66,,
7861,18.89,,
7862,19.13,,
7863,19.24,,
7864,19.71,,
7865,19.73,,
7866,19.48,,
7867,19.60,,
7868,17.19,,
7869,17.23,,
7870,17.20,,
7871,16.56,,
7872,17.33,,
7873,19.49,,
7874,18.91,,
7875,20.66,,
7876,20.58,,
7877,19.96,,
7878,19.94,,
7879,18.54,,
7880,18.20,,
7881,18.40,,
7882,19.17,,
7883,18.75,,
7884,18.54,,
7885,18.92,,
7886,18.88,,
7887,19.73,,
7888,19.36,,
7889,19.29,,
7890,18.74,,
7891,19.41,,
7892,19.76,,
7893,19.37,,
7894,19.25,,
7895,18.45,,
7896,19.59,,
7897,19.74,,
7898,19.40,,
7899,19.61,,
7900,20.01,,
7901,18.23,,
7902,19.98,,
7903,19.89,,
7904,18.91,,
7905,18.46,,
7906,18.71,,
7907,19.55,,
7908,19.79,,
7909,19.55,,
7910,19.59,,
7911,19.50,,
7912,19.58,,
7913,19.92,,
7914,19.83,,
7915,20.22,,
7916,19.92,,
7917,20.04,,
7918,19.91,,
7919,19.95,,
7920,19.95,,
7921,19.89,,
7922,19.87,,
7923,19.70,,
7924,19.61,,
7925,19.62,,
7926,19.62,,
7927,19.69,,
7928,19.31,,
7929,18.96,,
7930,18.80,,
7931,19.84,,
7932,19.78,,
7933,20.16,,
7934,19.99,,
7935,20.67,,
7936,19.35,,
7937,19.54,,
7938,19.57,,
7939,19.42,,
7940,19.40,,
7941,19.31,,
7942,19.52,,
7943,19.63,,
7944,19.48,,
7945,19.46,,
7946,19.51,,
7947,19.44,,
7948,19.00,,
7949,19.29,,
7950,19.05,,
7951,19.35,,
7952,18.53,,
7953,18.45,,
7954,18.28,,
7955,17.72,,
7956,16.06,,
7957,15.07,,
7958,14.99,,
7959,14.51,,
7960,14.58,,
7961,14.35,,
7962,14.37,,
7963,14.58,,
7964,15.27,,
7965,14.71,,
7966,14.68,,
7967,12.76,,
7968,12.26,,
7969,12.56,,
7970,11.95,,
7971,12.20,,
7972,12.42,,
7973,12.48,,
7974,11.96,,
7975,12.06,,
7976,11.65,,
7977,12.33,,
7978,12.48,,
7979,12.80,,
7980,12.85,,
7981,12.88,,
7982,12.99,,
7983,13.09,,
7984,13.32,,
7985,13.42,,
7986,13.34,,
7987,13.49,,
7988,13.17,,
7989,13.16,,
7990,13.46,,
7991,13.43,,
7992,13.42,,
7993,13.50,,
7994,13.49,,
7995,13.45,,
7996,13.45,,
7997,13.48,,
7998,13.42,,
7999,13.35,,
8000,13.33,,
8001,13.22,,
8002,13.46,,
8003,13.44,,
8004,12.90,,
8005,12.95,,
8006,13.07,,
8007,12.92,,
8008,12.93,,
8009,12.88,,
8010,12.77,,
8011,12.87,,
8012,12.74,,
8013,12.76,,
8014,12.77,,
8015,12.66,,
8016,12.60,,
8017,12.30,,
8018,12.27,,
8019,11.70,,
