JDAY,Intercept,X Variable (Air Temp),X Variable (Lag Water Temp),X Variable (LogFlow),X Variable (Ave Solar),,,,ORG,,,FINAL REGRESSION with Solar,,,,,
1,0.556496848,0.152819834,0.69299577,0.711690071,-0.000761433,,,,,,,Log only Temp below Folsom,,,,,
2,0.682954911,0.151052737,0.694370639,0.644695902,-0.000965699,,,,,,,,Intercept,X Variable (Air Temp),X Variable (Lag Water Temp),X Variable (LogFlow),X Variable (Ave Solar)
3,0.809412975,0.149285639,0.695745508,0.577701734,-0.001169965,,,,1,,,,0.556496848,0.152819834,0.69299577,0.711690071,-0.000761433
4,0.935871039,0.147518542,0.697120377,0.510707565,-0.001374231,,,1/16/2001,16.5,January,1,January,2.516596835,0.125429827,0.71430624,-0.326719541,-0.003927557
5,1.062329103,0.145751445,0.698495246,0.443713397,-0.001578497,,,2/15/2001,46,February,2,February,3.220448368,0.204312339,0.76492996,-1.470437676,0.002957212
6,1.188787166,0.143984348,0.699870115,0.376719228,-0.001782764,,,3/16/2001,75.5,March,3,March,4.823115009,0.159449593,0.945557199,-2.436229704,0.001527919
7,1.31524523,0.142217251,0.701244984,0.30972506,-0.00198703,,,4/16/2001,106,April,4,April,8.54240493,0.145395826,0.718821474,-2.990236698,0.001737427
8,1.441703294,0.140450153,0.702619853,0.242730892,-0.002191296,,,5/16/2001,136.5,May,5,May,11.77851384,0.127663559,0.725641316,-4.343346596,0.001495064
9,1.568161357,0.138683056,0.703994722,0.175736723,-0.002395562,,,6/16/2001,167,June,6,June,12.58279749,0.082665494,0.78918255,-4.469542205,0.001086934
10,1.694619421,0.136915959,0.705369591,0.108742555,-0.002599828,,,7/16/2001,197.5,July,7,July,11.4156613,0.053023594,0.699350297,-3.090627703,0.002746712
11,1.821077485,0.135148862,0.70674446,0.041748386,-0.002804094,,,8/16/2001,228.5,August,8,August,16.29485756,0.070212879,0.622306551,-5.215822617,0.002176435
12,1.947535549,0.133381765,0.708119329,-0.025245782,-0.00300836,,,9/16/2001,259,September,9,September,14.0474039,0.149871583,0.484157817,-4.456086053,0.005471356
13,2.073993612,0.131614668,0.709494198,-0.092239951,-0.003212626,,,10/16/2001,289.5,October,10,October,2.617708541,0.220201793,0.672065546,-0.419867557,0.003132279
14,2.200451676,0.12984757,0.710869067,-0.159234119,-0.003416892,,,11/16/2001,320,November,11,November,-1.820834857,0.231281672,0.828951657,0.703336971,-2.11282E-05
15,2.32690974,0.128080473,0.712243936,-0.226228288,-0.003621158,,,12/16/2001,350.5,December,12,December,-1.40360314,0.18020984,0.671685299,1.750099682,0.002404691
16,2.453367803,0.126313376,0.713618805,-0.293222456,-0.003825424,,,,366,,,,0.556496848,0.152819834,0.69299577,0.711690071,-0.000761433
17,2.528526522,0.126766819,0.715164269,-0.346104594,-0.003810866,,,,,,,,,,,,
18,2.552385896,0.129440803,0.716880327,-0.3848747,-0.003577484,,,,,,,,,,,,
19,2.57624527,0.132114786,0.718596386,-0.423644806,-0.003344102,,,,,,,,,,,,
20,2.600104644,0.13478877,0.720312444,-0.462414913,-0.00311072,,,,,,,,,,,,
21,2.623964018,0.137462753,0.722028502,-0.501185019,-0.002877338,,,,,,,,,,,,
22,2.647823392,0.140136736,0.723744561,-0.539955125,-0.002643956,,,,,,,,,,,,
23,2.671682766,0.14281072,0.725460619,-0.578725231,-0.002410574,,,,,,,,,,,,
24,2.69554214,0.145484703,0.727176677,-0.617495338,-0.002177192,,,,,,,,,,,,
25,2.719401514,0.148158687,0.728892736,-0.656265444,-0.00194381,,,,,,,,,,,,
26,2.743260888,0.15083267,0.730608794,-0.69503555,-0.001710428,,,,,,,,,,,,
27,2.767120262,0.153506654,0.732324852,-0.733805657,-0.001477046,,,,,,,,,,,,
28,2.790979636,0.156180637,0.73404091,-0.772575763,-0.001243664,,,,,,,,,,,,
29,2.81483901,0.158854621,0.735756969,-0.811345869,-0.001010282,,,,,,,,,,,,
30,2.838698384,0.161528604,0.737473027,-0.850115975,-0.0007769,,,,,,,,,,,,
31,2.862557758,0.164202588,0.739189085,-0.888886082,-0.000543518,,,,,,,,,,,,
32,2.886417132,0.166876571,0.740905144,-0.927656188,-0.000310136,,,,,,,,,,,,
33,2.910276506,0.169550555,0.742621202,-0.966426294,-7.67544E-05,,,,,,,,,,,,
34,2.93413588,0.172224538,0.74433726,-1.0051964,0.000156628,,,,,,,,,,,,
35,2.957995254,0.174898521,0.746053318,-1.043966507,0.00039001,,,,,,,,,,,,
36,2.981854628,0.177572505,0.747769377,-1.082736613,0.000623392,,,,,,,,,,,,
37,3.005714002,0.180246488,0.749485435,-1.121506719,0.000856774,,,,,,,,,,,,
38,3.029573376,0.182920472,0.751201493,-1.160276826,0.001090156,,,,,,,,,,,,
39,3.05343275,0.185594455,0.752917552,-1.199046932,0.001323538,,,,,,,,,,,,
40,3.077292124,0.188268439,0.75463361,-1.237817038,0.00155692,,,,,,,,,,,,
41,3.101151498,0.190942422,0.756349668,-1.276587144,0.001790302,,,,,,,,,,,,
42,3.125010872,0.193616406,0.758065726,-1.315357251,0.002023684,,,,,,,,,,,,
43,3.148870246,0.196290389,0.759781785,-1.354127357,0.002257066,,,,,,,,,,,,
44,3.17272962,0.198964373,0.761497843,-1.392897463,0.002490448,,,,,,,,,,,,
45,3.196588994,0.201638356,0.763213901,-1.43166757,0.00272383,,,,,,,,,,,,
46,3.220448368,0.204312339,0.76492996,-1.470437676,0.002957212,,,,,,,,,,,,
47,3.274776051,0.202791568,0.771052917,-1.503176389,0.002908761,,,,,,,,,,,,
48,3.329103734,0.201270797,0.777175874,-1.535915101,0.00286031,,,,,,,,,,,,
49,3.383431417,0.199750026,0.783298831,-1.568653814,0.00281186,,,,,,,,,,,,
50,3.437759099,0.198229255,0.789421789,-1.601392527,0.002763409,,,,,,,,,,,,
51,3.492086782,0.196708484,0.795544746,-1.63413124,0.002714959,,,,,,,,,,,,
52,3.546414465,0.195187713,0.801667703,-1.666869953,0.002666508,,,,,,,,,,,,
53,3.600742148,0.193666942,0.807790661,-1.699608666,0.002618057,,,,,,,,,,,,
54,3.65506983,0.192146171,0.813913618,-1.732347378,0.002569607,,,,,,,,,,,,
55,3.709397513,0.1906254,0.820036575,-1.765086091,0.002521156,,,,,,,,,,,,
56,3.763725196,0.189104629,0.826159532,-1.797824804,0.002472706,,,,,,,,,,,,
57,3.818052879,0.187583858,0.83228249,-1.830563517,0.002424255,,,,,,,,,,,,
58,3.872380561,0.186063087,0.838405447,-1.86330223,0.002375804,,,,,,,,,,,,
59,3.926708244,0.184542316,0.844528404,-1.896040942,0.002327354,,,,,,,,,,,,
60,3.981035927,0.183021545,0.850651361,-1.928779655,0.002278903,,,,,,,,,,,,
61,4.03536361,0.181500773,0.856774319,-1.961518368,0.002230453,,,,,,,,,,,,
62,4.089691292,0.179980002,0.862897276,-1.994257081,0.002182002,,,,,,,,,,,,
63,4.144018975,0.178459231,0.869020233,-2.026995794,0.002133552,,,,,,,,,,,,
64,4.198346658,0.17693846,0.875143191,-2.059734506,0.002085101,,,,,,,,,,,,
65,4.252674341,0.175417689,0.881266148,-2.092473219,0.00203665,,,,,,,,,,,,
66,4.307002023,0.173896918,0.887389105,-2.125211932,0.0019882,,,,,,,,,,,,
67,4.361329706,0.172376147,0.893512062,-2.157950645,0.001939749,,,,,,,,,,,,
68,4.415657389,0.170855376,0.89963502,-2.190689358,0.001891299,,,,,,,,,,,,
69,4.469985072,0.169334605,0.905757977,-2.223428071,0.001842848,,,,,,,,,,,,
70,4.524312754,0.167813834,0.911880934,-2.256166783,0.001794397,,,,,,,,,,,,
71,4.578640437,0.166293063,0.918003891,-2.288905496,0.001745947,,,,,,,,,,,,
72,4.63296812,0.164772292,0.924126849,-2.321644209,0.001697496,,,,,,,,,,,,
73,4.687295803,0.163251521,0.930249806,-2.354382922,0.001649046,,,,,,,,,,,,
74,4.741623485,0.16173075,0.936372763,-2.387121635,0.001600595,,,,,,,,,,,,
75,4.795951168,0.160209978,0.942495721,-2.419860347,0.001552144,,,,,,,,,,,,
76,4.884086975,0.159219203,0.94184022,-2.445311786,0.001531354,,,,,,,,,,,,
77,5.006030907,0.158758424,0.934406262,-2.463475949,0.001538223,,,,,,,,,,,,
78,5.127974839,0.158297645,0.926972304,-2.481640113,0.001545092,,,,,,,,,,,,
79,5.249918771,0.157836866,0.919538346,-2.499804277,0.001551961,,,,,,,,,,,,
80,5.371862703,0.157376086,0.912104387,-2.517968441,0.00155883,,,,,,,,,,,,
81,5.493806634,0.156915307,0.904670429,-2.536132605,0.001565699,,,,,,,,,,,,
82,5.615750566,0.156454528,0.897236471,-2.554296768,0.001572568,,,,,,,,,,,,
83,5.737694498,0.155993749,0.889802513,-2.572460932,0.001579438,,,,,,,,,,,,
84,5.85963843,0.155532969,0.882368554,-2.590625096,0.001586307,,,,,,,,,,,,
85,5.981582362,0.15507219,0.874934596,-2.60878926,0.001593176,,,,,,,,,,,,
86,6.103526293,0.154611411,0.867500638,-2.626953423,0.001600045,,,,,,,,,,,,
87,6.225470225,0.154150632,0.86006668,-2.645117587,0.001606914,,,,,,,,,,,,
88,6.347414157,0.153689853,0.852632722,-2.663281751,0.001613783,,,,,,,,,,,,
89,6.469358089,0.153229073,0.845198763,-2.681445915,0.001620652,,,,,,,,,,,,
90,6.591302021,0.152768294,0.837764805,-2.699610078,0.001627521,,,,,,,,,,,,
91,6.713245952,0.152307515,0.830330847,-2.717774242,0.001634391,,,,,,,,,,,,
92,6.835189884,0.151846736,0.822896889,-2.735938406,0.00164126,,,,,,,,,,,,
93,6.957133816,0.151385956,0.815462931,-2.75410257,0.001648129,,,,,,,,,,,,
94,7.079077748,0.150925177,0.808028972,-2.772266733,0.001654998,,,,,,,,,,,,
95,7.20102168,0.150464398,0.800595014,-2.790430897,0.001661867,,,,,,,,,,,,
96,7.322965612,0.150003619,0.793161056,-2.808595061,0.001668736,,,,,,,,,,,,
97,7.444909543,0.149542839,0.785727098,-2.826759225,0.001675605,,,,,,,,,,,,
98,7.566853475,0.14908206,0.77829314,-2.844923388,0.001682474,,,,,,,,,,,,
99,7.688797407,0.148621281,0.770859181,-2.863087552,0.001689344,,,,,,,,,,,,
100,7.810741339,0.148160502,0.763425223,-2.881251716,0.001696213,,,,,,,,,,,,
101,7.932685271,0.147699723,0.755991265,-2.89941588,0.001703082,,,,,,,,,,,,
102,8.054629202,0.147238943,0.748557307,-2.917580043,0.001709951,,,,,,,,,,,,
103,8.176573134,0.146778164,0.741123349,-2.935744207,0.00171682,,,,,,,,,,,,
104,8.298517066,0.146317385,0.73368939,-2.953908371,0.001723689,,,,,,,,,,,,
105,8.420460998,0.145856606,0.726255432,-2.972072535,0.001730558,,,,,,,,,,,,
106,8.54240493,0.145395826,0.718821474,-2.990236698,0.001737427,,,,,,,,,,,,
107,8.648506861,0.144814441,0.719045075,-3.034600957,0.001729481,,,,,,,,,,,,
108,8.754608792,0.144233055,0.719268677,-3.078965216,0.001721535,,,,,,,,,,,,
109,8.860710724,0.143651669,0.719492278,-3.123329475,0.001713588,,,,,,,,,,,,
110,8.966812655,0.143070283,0.719715879,-3.167693734,0.001705642,,,,,,,,,,,,
111,9.072914586,0.142488897,0.719939481,-3.212057993,0.001697696,,,,,,,,,,,,
112,9.179016518,0.141907511,0.720163082,-3.256422252,0.001689749,,,,,,,,,,,,
113,9.285118449,0.141326126,0.720386684,-3.300786511,0.001681803,,,,,,,,,,,,
114,9.39122038,0.14074474,0.720610285,-3.34515077,0.001673857,,,,,,,,,,,,
115,9.497322312,0.140163354,0.720833886,-3.389515029,0.00166591,,,,,,,,,,,,
116,9.603424243,0.139581968,0.721057488,-3.433879288,0.001657964,,,,,,,,,,,,
117,9.709526174,0.139000582,0.721281089,-3.478243547,0.001650018,,,,,,,,,,,,
118,9.815628106,0.138419196,0.721504691,-3.522607806,0.001642071,,,,,,,,,,,,
119,9.921730037,0.137837811,0.721728292,-3.566972065,0.001634125,,,,,,,,,,,,
120,10.02783197,0.137256425,0.721951893,-3.611336324,0.001626178,,,,,,,,,,,,
121,10.1339339,0.136675039,0.722175495,-3.655700583,0.001618232,,,,,,,,,,,,
122,10.24003583,0.136093653,0.722399096,-3.700064841,0.001610286,,,,,,,,,,,,
123,10.34613776,0.135512267,0.722622697,-3.7444291,0.001602339,,,,,,,,,,,,
124,10.45223969,0.134930881,0.722846299,-3.788793359,0.001594393,,,,,,,,,,,,
125,10.55834162,0.134349496,0.7230699,-3.833157618,0.001586447,,,,,,,,,,,,
126,10.66444356,0.13376811,0.723293502,-3.877521877,0.0015785,,,,,,,,,,,,
127,10.77054549,0.133186724,0.723517103,-3.921886136,0.001570554,,,,,,,,,,,,
128,10.87664742,0.132605338,0.723740704,-3.966250395,0.001562608,,,,,,,,,,,,
129,10.98274935,0.132023952,0.723964306,-4.010614654,0.001554661,,,,,,,,,,,,
130,11.08885128,0.131442567,0.724187907,-4.054978913,0.001546715,,,,,,,,,,,,
131,11.19495321,0.130861181,0.724411508,-4.099343172,0.001538768,,,,,,,,,,,,
132,11.30105514,0.130279795,0.72463511,-4.143707431,0.001530822,,,,,,,,,,,,
133,11.40715708,0.129698409,0.724858711,-4.18807169,0.001522876,,,,,,,,,,,,
134,11.51325901,0.129117023,0.725082313,-4.232435949,0.001514929,,,,,,,,,,,,
135,11.61936094,0.128535637,0.725305914,-4.276800208,0.001506983,,,,,,,,,,,,
136,11.72546287,0.127954252,0.725529515,-4.321164467,0.001499037,,,,,,,,,,,,
137,11.79169881,0.126925885,0.726682976,-4.345415377,0.001488373,,,,,,,,,,,,
138,11.81806877,0.125450539,0.728766295,-4.349552938,0.001474992,,,,,,,,,,,,
139,11.84443873,0.123975193,0.730849614,-4.353690499,0.00146161,,,,,,,,,,,,
140,11.87080868,0.122499846,0.732932933,-4.35782806,0.001448229,,,,,,,,,,,,
141,11.89717864,0.1210245,0.735016252,-4.36196562,0.001434848,,,,,,,,,,,,
142,11.92354859,0.119549154,0.737099571,-4.366103181,0.001421466,,,,,,,,,,,,
143,11.94991855,0.118073807,0.73918289,-4.370240742,0.001408085,,,,,,,,,,,,
144,11.97628851,0.116598461,0.74126621,-4.374378303,0.001394704,,,,,,,,,,,,
145,12.00265846,0.115123114,0.743349529,-4.378515864,0.001381323,,,,,,,,,,,,
146,12.02902842,0.113647768,0.745432848,-4.382653425,0.001367941,,,,,,,,,,,,
147,12.05539837,0.112172422,0.747516167,-4.386790986,0.00135456,,,,,,,,,,,,
148,12.08176833,0.110697075,0.749599486,-4.390928547,0.001341179,,,,,,,,,,,,
149,12.10813829,0.109221729,0.751682805,-4.395066108,0.001327798,,,,,,,,,,,,
150,12.13450824,0.107746382,0.753766124,-4.399203669,0.001314416,,,,,,,,,,,,
151,12.1608782,0.106271036,0.755849444,-4.40334123,0.001301035,,,,,,,,,,,,
152,12.18724815,0.10479569,0.757932763,-4.407478791,0.001287654,,,,,,,,,,,,
153,12.21361811,0.103320343,0.760016082,-4.411616352,0.001274272,,,,,,,,,,,,
154,12.23998807,0.101844997,0.762099401,-4.415753913,0.001260891,,,,,,,,,,,,
155,12.26635802,0.100369651,0.76418272,-4.419891474,0.00124751,,,,,,,,,,,,
156,12.29272798,0.098894304,0.766266039,-4.424029035,0.001234129,,,,,,,,,,,,
157,12.31909793,0.097418958,0.768349358,-4.428166596,0.001220747,,,,,,,,,,,,
158,12.34546789,0.095943611,0.770432678,-4.432304156,0.001207366,,,,,,,,,,,,
159,12.37183785,0.094468265,0.772515997,-4.436441717,0.001193985,,,,,,,,,,,,
160,12.3982078,0.092992919,0.774599316,-4.440579278,0.001180603,,,,,,,,,,,,
161,12.42457776,0.091517572,0.776682635,-4.444716839,0.001167222,,,,,,,,,,,,
162,12.45094771,0.090042226,0.778765954,-4.4488544,0.001153841,,,,,,,,,,,,
163,12.47731767,0.08856688,0.780849273,-4.452991961,0.00114046,,,,,,,,,,,,
164,12.50368763,0.087091533,0.782932592,-4.457129522,0.001127078,,,,,,,,,,,,
165,12.53005758,0.085616187,0.785015911,-4.461267083,0.001113697,,,,,,,,,,,,
166,12.55642754,0.08414084,0.787099231,-4.465404644,0.001100316,,,,,,,,,,,,
167,12.58279749,0.082665494,0.78918255,-4.469542205,0.001086934,,,,,,,,,,,,
168,12.54453073,0.081693628,0.78623723,-4.424331893,0.001141353,,,,,,,,,,,,
169,12.50626397,0.080721763,0.78329191,-4.379121582,0.001195772,,,,,,,,,,,,
170,12.46799721,0.079749897,0.78034659,-4.33391127,0.001250191,,,,,,,,,,,,
171,12.42973045,0.078778032,0.777401271,-4.288700959,0.00130461,,,,,,,,,,,,
172,12.39146369,0.077806166,0.774455951,-4.243490647,0.001359029,,,,,,,,,,,,
173,12.35319693,0.076834301,0.771510631,-4.198280336,0.001413448,,,,,,,,,,,,
174,12.31493017,0.075862435,0.768565311,-4.153070024,0.001467867,,,,,,,,,,,,
175,12.27666341,0.074890569,0.765619992,-4.107859713,0.001522286,,,,,,,,,,,,
176,12.23839665,0.073918704,0.762674672,-4.062649401,0.001576705,,,,,,,,,,,,
177,12.20012989,0.072946838,0.759729352,-4.01743909,0.001631124,,,,,,,,,,,,
178,12.16186313,0.071974973,0.756784032,-3.972228778,0.001685543,,,,,,,,,,,,
179,12.12359637,0.071003107,0.753838713,-3.927018467,0.001739962,,,,,,,,,,,,
180,12.08532961,0.070031242,0.750893393,-3.881808155,0.001794381,,,,,,,,,,,,
181,12.04706285,0.069059376,0.747948073,-3.836597844,0.0018488,,,,,,,,,,,,
182,12.00879609,0.068087511,0.745002753,-3.791387532,0.001903218,,,,,,,,,,,,
183,11.97052933,0.067115645,0.742057434,-3.746177221,0.001957637,,,,,,,,,,,,
184,11.93226257,0.066143779,0.739112114,-3.700966909,0.002012056,,,,,,,,,,,,
185,11.89399581,0.065171914,0.736166794,-3.655756597,0.002066475,,,,,,,,,,,,
186,11.85572905,0.064200048,0.733221474,-3.610546286,0.002120894,,,,,,,,,,,,
187,11.81746229,0.063228183,0.730276155,-3.565335974,0.002175313,,,,,,,,,,,,
188,11.77919553,0.062256317,0.727330835,-3.520125663,0.002229732,,,,,,,,,,,,
189,11.74092877,0.061284452,0.724385515,-3.474915351,0.002284151,,,,,,,,,,,,
190,11.70266201,0.060312586,0.721440195,-3.42970504,0.00233857,,,,,,,,,,,,
191,11.66439525,0.059340721,0.718494876,-3.384494728,0.002392989,,,,,,,,,,,,
192,11.62612849,0.058368855,0.715549556,-3.339284417,0.002447408,,,,,,,,,,,,
193,11.58786172,0.057396989,0.712604236,-3.294074105,0.002501827,,,,,,,,,,,,
194,11.54959496,0.056425124,0.709658916,-3.248863794,0.002556246,,,,,,,,,,,,
195,11.5113282,0.055453258,0.706713597,-3.203653482,0.002610665,,,,,,,,,,,,
196,11.47306144,0.054481393,0.703768277,-3.158443171,0.002665084,,,,,,,,,,,,
197,11.43479468,0.053509527,0.700822957,-3.113232859,0.002719502,,,,,,,,,,,,
198,11.49435802,0.053300841,0.698107656,-3.124905041,0.002737514,,,,,,,,,,,,
199,11.65175144,0.053855334,0.695622374,-3.193459715,0.002719118,,,,,,,,,,,,
200,11.80914487,0.054409827,0.693137092,-3.26201439,0.002700722,,,,,,,,,,,,
201,11.9665383,0.05496432,0.69065181,-3.330569065,0.002682326,,,,,,,,,,,,
202,12.12393173,0.055518813,0.688166527,-3.399123739,0.00266393,,,,,,,,,,,,
203,12.28132516,0.056073306,0.685681245,-3.467678414,0.002645534,,,,,,,,,,,,
204,12.43871858,0.056627799,0.683195963,-3.536233088,0.002627138,,,,,,,,,,,,
205,12.59611201,0.057182292,0.680710681,-3.604787763,0.002608742,,,,,,,,,,,,
206,12.75350544,0.057736785,0.678225399,-3.673342438,0.002590346,,,,,,,,,,,,
207,12.91089887,0.058291278,0.675740117,-3.741897112,0.00257195,,,,,,,,,,,,
208,13.06829229,0.058845771,0.673254835,-3.810451787,0.002553554,,,,,,,,,,,,
209,13.22568572,0.059400264,0.670769553,-3.879006462,0.002535158,,,,,,,,,,,,
210,13.38307915,0.059954757,0.66828427,-3.947561136,0.002516762,,,,,,,,,,,,
211,13.54047258,0.06050925,0.665798988,-4.016115811,0.002498366,,,,,,,,,,,,
212,13.697866,0.061063743,0.663313706,-4.084670485,0.00247997,,,,,,,,,,,,
213,13.85525943,0.061618236,0.660828424,-4.15322516,0.002461574,,,,,,,,,,,,
214,14.01265286,0.06217273,0.658343142,-4.221779835,0.002443178,,,,,,,,,,,,
215,14.17004629,0.062727223,0.65585786,-4.290334509,0.002424782,,,,,,,,,,,,
216,14.32743971,0.063281716,0.653372578,-4.358889184,0.002406385,,,,,,,,,,,,
217,14.48483314,0.063836209,0.650887295,-4.427443859,0.002387989,,,,,,,,,,,,
218,14.64222657,0.064390702,0.648402013,-4.495998533,0.002369593,,,,,,,,,,,,
219,14.79962,0.064945195,0.645916731,-4.564553208,0.002351197,,,,,,,,,,,,
220,14.95701342,0.065499688,0.643431449,-4.633107882,0.002332801,,,,,,,,,,,,
221,15.11440685,0.066054181,0.640946167,-4.701662557,0.002314405,,,,,,,,,,,,
222,15.27180028,0.066608674,0.638460885,-4.770217232,0.002296009,,,,,,,,,,,,
223,15.42919371,0.067163167,0.635975603,-4.838771906,0.002277613,,,,,,,,,,,,
224,15.58658713,0.06771766,0.63349032,-4.907326581,0.002259217,,,,,,,,,,,,
225,15.74398056,0.068272153,0.631005038,-4.975881256,0.002240821,,,,,,,,,,,,
226,15.90137399,0.068826646,0.628519756,-5.04443593,0.002222425,,,,,,,,,,,,
227,16.05876742,0.069381139,0.626034474,-5.112990605,0.002204029,,,,,,,,,,,,
228,16.21616084,0.069935632,0.623549192,-5.181545279,0.002185633,,,,,,,,,,,,
229,16.25801406,0.071518759,0.620041817,-5.203367919,0.00223045,,,,,,,,,,,,
230,16.18432705,0.07413052,0.615512351,-5.178458523,0.00233848,,,,,,,,,,,,
231,16.11064005,0.076742281,0.610982884,-5.153549128,0.002446511,,,,,,,,,,,,
232,16.03695304,0.079354041,0.606453417,-5.128639732,0.002554541,,,,,,,,,,,,
233,15.96326603,0.081965802,0.601923951,-5.103730337,0.002662571,,,,,,,,,,,,
234,15.88957903,0.084577563,0.597394484,-5.078820941,0.002770601,,,,,,,,,,,,
235,15.81589202,0.087189324,0.592865017,-5.053911546,0.002878631,,,,,,,,,,,,
236,15.74220502,0.089801085,0.588335551,-5.02900215,0.002986662,,,,,,,,,,,,
237,15.66851801,0.092412845,0.583806084,-5.004092755,0.003094692,,,,,,,,,,,,
238,15.59483101,0.095024606,0.579276617,-4.979183359,0.003202722,,,,,,,,,,,,
239,15.521144,0.097636367,0.574747151,-4.954273964,0.003310752,,,,,,,,,,,,
240,15.447457,0.100248128,0.570217684,-4.929364568,0.003418782,,,,,,,,,,,,
241,15.37376999,0.102859889,0.565688217,-4.904455173,0.003526813,,,,,,,,,,,,
242,15.30008299,0.105471649,0.561158751,-4.879545777,0.003634843,,,,,,,,,,,,
243,15.22639598,0.10808341,0.556629284,-4.854636382,0.003742873,,,,,,,,,,,,
244,15.15270898,0.110695171,0.552099817,-4.829726986,0.003850903,,,,,,,,,,,,
245,15.07902197,0.113306932,0.547570351,-4.804817591,0.003958933,,,,,,,,,,,,
246,15.00533497,0.115918693,0.543040884,-4.779908195,0.004066963,,,,,,,,,,,,
247,14.93164796,0.118530453,0.538511417,-4.7549988,0.004174994,,,,,,,,,,,,
248,14.85796096,0.121142214,0.53398195,-4.730089404,0.004283024,,,,,,,,,,,,
249,14.78427395,0.123753975,0.529452484,-4.705180009,0.004391054,,,,,,,,,,,,
250,14.71058695,0.126365736,0.524923017,-4.680270613,0.004499084,,,,,,,,,,,,
251,14.63689994,0.128977497,0.52039355,-4.655361218,0.004607114,,,,,,,,,,,,
252,14.56321294,0.131589257,0.515864084,-4.630451822,0.004715145,,,,,,,,,,,,
253,14.48952593,0.134201018,0.511334617,-4.605542427,0.004823175,,,,,,,,,,,,
254,14.41583893,0.136812779,0.50680515,-4.580633031,0.004931205,,,,,,,,,,,,
255,14.34215192,0.13942454,0.502275684,-4.555723636,0.005039235,,,,,,,,,,,,
256,14.26846492,0.142036301,0.497746217,-4.53081424,0.005147265,,,,,,,,,,,,
257,14.19477791,0.144648061,0.49321675,-4.505904845,0.005255296,,,,,,,,,,,,
258,14.1210909,0.147259822,0.488687284,-4.480995449,0.005363326,,,,,,,,,,,,
259,14.0474039,0.149871583,0.484157817,-4.456086053,0.005471356,,,,,,,,,,,,
260,13.67265979,0.152177492,0.490318726,-4.323751021,0.005394665,,,,,,,,,,,,
261,13.29791568,0.1544834,0.496479635,-4.191415988,0.005317974,,,,,,,,,,,,
262,12.92317157,0.156789309,0.502640544,-4.059080955,0.005241283,,,,,,,,,,,,
263,12.54842746,0.159095217,0.508801454,-3.926745923,0.005164592,,,,,,,,,,,,
264,12.17368335,0.161401126,0.514962363,-3.79441089,0.005087901,,,,,,,,,,,,
265,11.79893924,0.163707034,0.521123272,-3.662075857,0.00501121,,,,,,,,,,,,
266,11.42419513,0.166012943,0.527284181,-3.529740825,0.004934519,,,,,,,,,,,,
267,11.04945102,0.168318851,0.53344509,-3.397405792,0.004857827,,,,,,,,,,,,
268,10.67470691,0.17062476,0.539605999,-3.265070759,0.004781136,,,,,,,,,,,,
269,10.2999628,0.172930668,0.545766908,-3.132735727,0.004704445,,,,,,,,,,,,
270,9.925218688,0.175236577,0.551927818,-3.000400694,0.004627754,,,,,,,,,,,,
271,9.550474578,0.177542485,0.558088727,-2.868065661,0.004551063,,,,,,,,,,,,
272,9.175730468,0.179848394,0.564249636,-2.735730629,0.004474372,,,,,,,,,,,,
273,8.800986358,0.182154302,0.570410545,-2.603395596,0.004397681,,,,,,,,,,,,
274,8.426242248,0.184460211,0.576571454,-2.471060563,0.00432099,,,,,,,,,,,,
275,8.051498138,0.186766119,0.582732363,-2.338725531,0.004244299,,,,,,,,,,,,
276,7.676754028,0.189072028,0.588893272,-2.206390498,0.004167608,,,,,,,,,,,,
277,7.302009918,0.191377937,0.595054181,-2.074055465,0.004090917,,,,,,,,,,,,
278,6.927265807,0.193683845,0.601215091,-1.941720432,0.004014226,,,,,,,,,,,,
279,6.552521697,0.195989754,0.607376,-1.8093854,0.003937535,,,,,,,,,,,,
280,6.177777587,0.198295662,0.613536909,-1.677050367,0.003860844,,,,,,,,,,,,
281,5.803033477,0.200601571,0.619697818,-1.544715334,0.003784153,,,,,,,,,,,,
282,5.428289367,0.202907479,0.625858727,-1.412380302,0.003707461,,,,,,,,,,,,
283,5.053545257,0.205213388,0.632019636,-1.280045269,0.00363077,,,,,,,,,,,,
284,4.678801147,0.207519296,0.638180545,-1.147710236,0.003554079,,,,,,,,,,,,
285,4.304057037,0.209825205,0.644341455,-1.015375204,0.003477388,,,,,,,,,,,,
286,3.929312926,0.212131113,0.650502364,-0.883040171,0.003400697,,,,,,,,,,,,
287,3.554568816,0.214437022,0.656663273,-0.750705138,0.003324006,,,,,,,,,,,,
288,3.179824706,0.21674293,0.662824182,-0.618370106,0.003247315,,,,,,,,,,,,
289,2.805080596,0.219048839,0.668985091,-0.486035073,0.003170624,,,,,,,,,,,,
290,2.544945535,0.22038343,0.674637449,-0.401454368,0.003080583,,,,,,,,,,,,
291,2.399419521,0.220746705,0.679781256,-0.36462799,0.002977193,,,,,,,,,,,,
292,2.253893508,0.22110998,0.684925063,-0.327801612,0.002873803,,,,,,,,,,,,
293,2.108367495,0.221473255,0.69006887,-0.290975234,0.002770412,,,,,,,,,,,,
294,1.962841482,0.221836529,0.695212677,-0.254148856,0.002667022,,,,,,,,,,,,
295,1.817315469,0.222199804,0.700356484,-0.217322478,0.002563631,,,,,,,,,,,,
296,1.671789456,0.222563079,0.705500291,-0.1804961,0.002460241,,,,,,,,,,,,
297,1.526263443,0.222926353,0.710644098,-0.143669722,0.002356851,,,,,,,,,,,,
298,1.38073743,0.223289628,0.715787905,-0.106843344,0.00225346,,,,,,,,,,,,
299,1.235211417,0.223652903,0.720931712,-0.070016966,0.00215007,,,,,,,,,,,,
300,1.089685404,0.224016178,0.726075519,-0.033190588,0.002046679,,,,,,,,,,,,
301,0.944159391,0.224379452,0.731219325,0.00363579,0.001943289,,,,,,,,,,,,
302,0.798633378,0.224742727,0.736363132,0.040462168,0.001839899,,,,,,,,,,,,
303,0.653107365,0.225106002,0.741506939,0.077288546,0.001736508,,,,,,,,,,,,
304,0.507581352,0.225469276,0.746650746,0.114114924,0.001633118,,,,,,,,,,,,
305,0.362055339,0.225832551,0.751794553,0.150941302,0.001529728,,,,,,,,,,,,
306,0.216529326,0.226195826,0.75693836,0.18776768,0.001426337,,,,,,,,,,,,
307,0.071003313,0.2265591,0.762082167,0.224594057,0.001322947,,,,,,,,,,,,
308,-0.0745227,0.226922375,0.767225974,0.261420435,0.001219556,,,,,,,,,,,,
309,-0.220048713,0.22728565,0.772369781,0.298246813,0.001116166,,,,,,,,,,,,
310,-0.365574726,0.227648925,0.777513588,0.335073191,0.001012776,,,,,,,,,,,,
311,-0.511100739,0.228012199,0.782657395,0.371899569,0.000909385,,,,,,,,,,,,
312,-0.656626752,0.228375474,0.787801202,0.408725947,0.000805995,,,,,,,,,,,,
313,-0.802152765,0.228738749,0.792945009,0.445552325,0.000702604,,,,,,,,,,,,
314,-0.947678778,0.229102023,0.798088816,0.482378703,0.000599214,,,,,,,,,,,,
315,-1.093204791,0.229465298,0.803232623,0.519205081,0.000495824,,,,,,,,,,,,
316,-1.238730805,0.229828573,0.80837643,0.556031459,0.000392433,,,,,,,,,,,,
317,-1.384256818,0.230191848,0.813520236,0.592857837,0.000289043,,,,,,,,,,,,
318,-1.529782831,0.230555122,0.818664043,0.629684215,0.000185653,,,,,,,,,,,,
319,-1.675308844,0.230918397,0.82380785,0.666510593,8.22622E-05,,,,,,,,,,,,
320,-1.820834857,0.231281672,0.828951657,0.703336971,-2.11282E-05,,,,,,,,,,,,
321,-1.807155128,0.229607185,0.823795383,0.73765706,5.84069E-05,,,,,,,,,,,,
322,-1.7934754,0.227932699,0.818639109,0.771977149,0.000137942,,,,,,,,,,,,
323,-1.779795671,0.226258213,0.813482835,0.806297238,0.000217477,,,,,,,,,,,,
324,-1.766115943,0.224583727,0.808326561,0.840617326,0.000297012,,,,,,,,,,,,
325,-1.752436215,0.22290924,0.803170287,0.874937415,0.000376547,,,,,,,,,,,,
326,-1.738756486,0.221234754,0.798014013,0.909257504,0.000456082,,,,,,,,,,,,
327,-1.725076758,0.219560268,0.792857739,0.943577593,0.000535617,,,,,,,,,,,,
328,-1.711397029,0.217885781,0.787701465,0.977897682,0.000615152,,,,,,,,,,,,
329,-1.697717301,0.216211295,0.782545191,1.012217771,0.000694687,,,,,,,,,,,,
330,-1.684037572,0.214536809,0.777388917,1.04653786,0.000774222,,,,,,,,,,,,
331,-1.670357844,0.212862323,0.772232643,1.080857949,0.000853758,,,,,,,,,,,,
332,-1.656678116,0.211187836,0.767076369,1.115178038,0.000933293,,,,,,,,,,,,
333,-1.642998387,0.20951335,0.761920095,1.149498127,0.001012828,,,,,,,,,,,,
334,-1.629318659,0.207838864,0.756763821,1.183818215,0.001092363,,,,,,,,,,,,
335,-1.61563893,0.206164377,0.751607547,1.218138304,0.001171898,,,,,,,,,,,,
336,-1.601959202,0.204489891,0.746451273,1.252458393,0.001251433,,,,,,,,,,,,
337,-1.588279473,0.202815405,0.741294999,1.286778482,0.001330968,,,,,,,,,,,,
338,-1.574599745,0.201140919,0.736138725,1.321098571,0.001410503,,,,,,,,,,,,
339,-1.560920017,0.199466432,0.730982451,1.35541866,0.001490038,,,,,,,,,,,,
340,-1.547240288,0.197791946,0.725826177,1.389738749,0.001569573,,,,,,,,,,,,
341,-1.53356056,0.19611746,0.720669902,1.424058838,0.001649108,,,,,,,,,,,,
342,-1.519880831,0.194442973,0.715513628,1.458378927,0.001728643,,,,,,,,,,,,
343,-1.506201103,0.192768487,0.710357354,1.492699016,0.001808178,,,,,,,,,,,,
344,-1.492521374,0.191094001,0.70520108,1.527019105,0.001887713,,,,,,,,,,,,
345,-1.478841646,0.189419515,0.700044806,1.561339193,0.001967248,,,,,,,,,,,,
346,-1.465161918,0.187745028,0.694888532,1.595659282,0.002046784,,,,,,,,,,,,
347,-1.451482189,0.186070542,0.689732258,1.629979371,0.002126319,,,,,,,,,,,,
348,-1.437802461,0.184396056,0.684575984,1.66429946,0.002205854,,,,,,,,,,,,
349,-1.424122732,0.182721569,0.67941971,1.698619549,0.002285389,,,,,,,,,,,,
350,-1.410443004,0.181047083,0.674263436,1.732939638,0.002364924,,,,,,,,,,,,
351,-1.340374108,0.179326291,0.672372734,1.716602598,0.002302558,,,,,,,,,,,,
352,-1.213916044,0.177559194,0.673747603,1.64960843,0.002098292,,,,,,,,,,,,
353,-1.08745798,0.175792097,0.675122472,1.582614261,0.001894026,,,,,,,,,,,,
354,-0.960999917,0.174025,0.676497341,1.515620093,0.00168976,,,,,,,,,,,,
355,-0.834541853,0.172257903,0.67787221,1.448625924,0.001485494,,,,,,,,,,,,
356,-0.708083789,0.170490805,0.679247079,1.381631756,0.001281228,,,,,,,,,,,,
357,-0.581625726,0.168723708,0.680621948,1.314637587,0.001076962,,,,,,,,,,,,
358,-0.455167662,0.166956611,0.681996817,1.247643419,0.000872696,,,,,,,,,,,,
359,-0.328709598,0.165189514,0.683371686,1.18064925,0.00066843,,,,,,,,,,,,
360,-0.202251535,0.163422417,0.684746555,1.113655082,0.000464163,,,,,,,,,,,,
361,-0.075793471,0.16165532,0.686121424,1.046660913,0.000259897,,,,,,,,,,,,
362,0.050664593,0.159888222,0.687496293,0.979666745,5.56313E-05,,,,,,,,,,,,
363,0.177122657,0.158121125,0.688871162,0.912672576,-0.000148635,,,,,,,,,,,,
364,0.30358072,0.156354028,0.690246031,0.845678408,-0.000352901,,,,,,,,,,,,
365,0.430038784,0.154586931,0.691620901,0.778684239,-0.000557167,,,,,,,,,,,,
366,0.556496848,0.152819834,0.69299577,0.711690071,-0.000761433,,,,,,,,,,,,
